lang,wp_id,wp_url,wp_modified,wp_canonical_now,virtuse_url,in_manifest,virtuse_status,virtuse_canonical_self,ready_for_wp_canonical
en,15157,https://blog.virtuse.com/bitcoin-beat-the-war-november-still-gets-a-vote/,2026-10-04,https://virtuse.com/stories/bitcoin-beat-the-war-november-still-gets-a-vote/,https://virtuse.com/stories/bitcoin-beat-the-war-november-still-gets-a-vote/,True,200,True,True
en,15148,https://blog.virtuse.com/understand-saylors-12-strc-in-10-minutes-and-buy-it-from-europe-without-the-mistake-i-made/,2026-10-02,https://virtuse.com/stories/understand-saylors-12-strc-in-10-minutes-and-buy-it-from-europe-without-the-mistake-i-made/,https://virtuse.com/stories/understand-saylors-12-strc-in-10-minutes-and-buy-it-from-europe-without-the-mistake-i-made/,True,200,True,True
en,15129,https://blog.virtuse.com/how-to-see-why-10-million-bitcoin-stops-being-a-meme/,2026-09-28,https://virtuse.com/stories/how-to-see-why-10-million-bitcoin-stops-being-a-meme/,https://virtuse.com/stories/how-to-see-why-10-million-bitcoin-stops-being-a-meme/,True,200,True,True
en,15124,https://blog.virtuse.com/five-percent-yields-and-an-empty-bid-for-paper/,2026-09-28,https://virtuse.com/stories/five-percent-yields-and-an-empty-bid-for-paper/,https://virtuse.com/stories/five-percent-yields-and-an-empty-bid-for-paper/,True,200,True,True
en,15118,https://blog.virtuse.com/dont-fall-for-the-ai-danger-scare/,2026-09-21,https://virtuse.com/stories/dont-fall-for-the-ai-danger-scare/,https://virtuse.com/stories/dont-fall-for-the-ai-danger-scare/,True,200,True,True
en,15110,https://blog.virtuse.com/bitcoin-reclaimed-80000-after-the-fed-hike/,2026-09-21,https://virtuse.com/stories/bitcoin-reclaimed-80000-after-the-fed-hike/,https://virtuse.com/stories/bitcoin-reclaimed-80000-after-the-fed-hike/,True,200,True,True
en,15093,https://blog.virtuse.com/bitcoin-fell-below-77000-etfs-sold-fed-looms/,2026-09-14,https://virtuse.com/stories/bitcoin-fell-below-77000-etfs-sold-fed-looms/,https://virtuse.com/stories/bitcoin-fell-below-77000-etfs-sold-fed-looms/,True,200,True,True
en,15079,https://blog.virtuse.com/why-the-financial-system-treats-you-like-a-17th-century-peasant/,2026-09-07,https://virtuse.com/stories/why-the-financial-system-treats-you-like-a-17th-century-peasant/,https://virtuse.com/stories/why-the-financial-system-treats-you-like-a-17th-century-peasant/,True,200,True,True
en,15021,https://blog.virtuse.com/youll-know-why-bitcoin-lost-80000-and-what-friday-actually-tests/,2026-09-03,https://virtuse.com/stories/youll-know-why-bitcoin-lost-80000-and-what-friday-actually-tests/,https://virtuse.com/stories/youll-know-why-bitcoin-lost-80000-and-what-friday-actually-tests/,True,200,True,True
en,15014,https://blog.virtuse.com/bitcoin-slips-back-under-80000-ahead-of-warsh-at-jackson-hole/,2026-08-28,https://virtuse.com/stories/bitcoin-slips-back-under-80000-ahead-of-warsh-at-jackson-hole/,https://virtuse.com/stories/bitcoin-slips-back-under-80000-ahead-of-warsh-at-jackson-hole/,True,200,True,True
en,15007,https://blog.virtuse.com/they-wont-stop-printing-money-why-bitcoins-rise-to-200000-is-unstoppable/,2026-08-20,https://virtuse.com/stories/they-wont-stop-printing-money-why-bitcoins-rise-to-200000-is-unstoppable/,https://virtuse.com/stories/they-wont-stop-printing-money-why-bitcoins-rise-to-200000-is-unstoppable/,True,200,True,True
en,14997,https://blog.virtuse.com/stop-guessing-with-your-bitcoin-heres-the-one-hub-i-built-so-you-never-have-to-again/,2026-08-20,https://virtuse.com/stories/stop-guessing-with-your-bitcoin-heres-the-one-hub-i-built-so-you-never-have-to-again/,https://virtuse.com/stories/stop-guessing-with-your-bitcoin-heres-the-one-hub-i-built-so-you-never-have-to-again/,True,200,True,True
en,14924,https://blog.virtuse.com/why-pomp-mow-and-saylor-forecast-bitcoin-from-150k-to-10m-2/,2026-05-14,https://virtuse.com/stories/why-pomp-mow-and-saylor-forecast-bitcoin-from-150k-to-10m-2/,https://virtuse.com/stories/why-pomp-mow-and-saylor-forecast-bitcoin-from-150k-to-10m-2/,True,200,True,True
en,14864,https://blog.virtuse.com/39-trillion-and-counting-why-the-worlds-biggest-credit-card-is-about-to-hit-the-limit/,2026-09-14,https://virtuse.com/stories/39-trillion-and-counting-why-the-worlds-biggest-credit-card-is-about-to-hit-the-limit/,https://virtuse.com/stories/39-trillion-and-counting-why-the-worlds-biggest-credit-card-is-about-to-hit-the-limit/,True,200,True,True
en,14782,https://blog.virtuse.com/rome-wokeism-and-the-rise-of-the-bitcoin-standard/,2026-03-13,https://virtuse.com/stories/rome-wokeism-and-the-rise-of-the-bitcoin-standard/,https://virtuse.com/stories/rome-wokeism-and-the-rise-of-the-bitcoin-standard/,True,200,True,True
en,14684,https://blog.virtuse.com/gold-is-the-smoke-alarm-bitcoin-is-the-exit-ramp-why-math-is-defeating-history-in-2026/,2026-09-07,https://virtuse.com/stories/gold-is-the-smoke-alarm-bitcoin-is-the-exit-ramp-why-math-is-defeating-history-in-2026/,https://virtuse.com/stories/gold-is-the-smoke-alarm-bitcoin-is-the-exit-ramp-why-math-is-defeating-history-in-2026/,True,200,True,True
en,14632,https://blog.virtuse.com/the-bitcoin-war-jpmorgan-and-jane-street-are-attacking-retail/,2025-12-18,https://virtuse.com/stories/the-bitcoin-war-jpmorgan-and-jane-street-are-attacking-retail/,https://virtuse.com/stories/the-bitcoin-war-jpmorgan-and-jane-street-are-attacking-retail/,True,200,True,True
en,14600,https://blog.virtuse.com/blackrocks-bitcoin-shock-ibit-just-became-their-top-revenue-driver/,2025-12-02,https://virtuse.com/stories/blackrocks-bitcoin-shock-ibit-just-became-their-top-revenue-driver/,https://virtuse.com/stories/blackrocks-bitcoin-shock-ibit-just-became-their-top-revenue-driver/,True,200,True,True
en,14560,https://blog.virtuse.com/is-the-digital-euro-modernization-or-just-chinas-social-credit-system-for-the-eu-2/,2025-10-06,https://virtuse.com/stories/is-the-digital-euro-modernization-or-just-chinas-social-credit-system-for-the-eu-2/,https://virtuse.com/stories/is-the-digital-euro-modernization-or-just-chinas-social-credit-system-for-the-eu-2/,True,200,True,True
en,14520,https://blog.virtuse.com/michael-saylors-legacy-the-bitcoin-corporate-revolution/,2025-09-23,https://virtuse.com/stories/michael-saylors-legacy-the-bitcoin-corporate-revolution/,https://virtuse.com/stories/michael-saylors-legacy-the-bitcoin-corporate-revolution/,True,200,True,True
en,14466,https://blog.virtuse.com/what-is-a-bitcoin-treasury/,2025-10-09,https://virtuse.com/stories/what-is-a-bitcoin-treasury/,https://virtuse.com/stories/what-is-a-bitcoin-treasury/,True,200,True,True
en,14275,https://blog.virtuse.com/gamestop-urges-all-of-us-to-adapt-to-bitcoin-standard/,2025-09-24,https://virtuse.com/stories/gamestop-urges-all-of-us-to-adapt-to-bitcoin-standard/,https://virtuse.com/stories/gamestop-urges-all-of-us-to-adapt-to-bitcoin-standard/,True,200,True,True
en,14212,https://blog.virtuse.com/bitcoin-ordinals-about-to-flip-ethereum-nfts/,2023-07-12,https://virtuse.com/stories/bitcoin-ordinals-about-to-flip-ethereum-nfts/,https://virtuse.com/stories/bitcoin-ordinals-about-to-flip-ethereum-nfts/,True,200,True,True
en,14095,https://blog.virtuse.com/sedem-dovodov-preco-sucasne-bankovnictvo-konci/,2023-04-19,https://virtuse.com/stories/sedem-dovodov-preco-sucasne-bankovnictvo-konci/,https://virtuse.com/stories/sedem-dovodov-preco-sucasne-bankovnictvo-konci/,True,200,True,True
en,14081,https://blog.virtuse.com/de-dollarization-is-gaining-momentum/,2023-04-13,https://virtuse.com/stories/de-dollarization-is-gaining-momentum/,https://virtuse.com/stories/de-dollarization-is-gaining-momentum/,True,200,True,True
en,14025,https://blog.virtuse.com/do-kwon-arrested-in-montenegro/,2023-03-27,https://virtuse.com/stories/do-kwon-arrested-in-montenegro/,https://virtuse.com/stories/do-kwon-arrested-in-montenegro/,True,200,True,True
en,14000,https://blog.virtuse.com/crypto-loses-all-of-its-primary-banks/,2023-03-20,https://virtuse.com/stories/crypto-loses-all-of-its-primary-banks/,https://virtuse.com/stories/crypto-loses-all-of-its-primary-banks/,True,200,True,True
en,13952,https://blog.virtuse.com/best-10-bitcoin-trading-strategies-for-2023/,2023-03-08,https://virtuse.com/stories/best-10-bitcoin-trading-strategies-for-2023/,https://virtuse.com/stories/best-10-bitcoin-trading-strategies-for-2023/,True,200,True,True
en,13785,https://blog.virtuse.com/bitcoin-price-blasts-past-21k-as-3-day-short-liquidations-near-300m/,2023-01-16,https://virtuse.com/stories/bitcoin-price-blasts-past-21k-as-3-day-short-liquidations-near-300m/,https://virtuse.com/stories/bitcoin-price-blasts-past-21k-as-3-day-short-liquidations-near-300m/,True,200,True,True
en,13508,https://blog.virtuse.com/6-things-you-need-to-know-about-ftx-and-sam-bankman-fried/,2022-11-15,https://virtuse.com/stories/6-things-you-need-to-know-about-ftx-and-sam-bankman-fried/,https://virtuse.com/stories/6-things-you-need-to-know-about-ftx-and-sam-bankman-fried/,True,200,True,True
en,13447,https://blog.virtuse.com/three-most-important-reasons-why-elon-musk-bought-twitter/,2022-11-04,https://virtuse.com/stories/three-most-important-reasons-why-elon-musk-bought-twitter/,https://virtuse.com/stories/three-most-important-reasons-why-elon-musk-bought-twitter/,True,200,True,True
en,13428,https://blog.virtuse.com/simple-investing-strategy-for-the-global-recession/,2022-10-27,https://virtuse.com/stories/simple-investing-strategy-for-the-global-recession/,https://virtuse.com/stories/simple-investing-strategy-for-the-global-recession/,True,200,True,True
en,13309,https://blog.virtuse.com/assets-around-the-world-are-tumbling-except-bitcoin/,2022-10-20,https://virtuse.com/stories/assets-around-the-world-are-tumbling-except-bitcoin/,https://virtuse.com/stories/assets-around-the-world-are-tumbling-except-bitcoin/,True,200,True,True
en,13221,https://blog.virtuse.com/bitcoin-is-an-antidote-against-cbdcs/,2022-10-14,https://virtuse.com/stories/bitcoin-is-an-antidote-against-cbdcs/,https://virtuse.com/stories/bitcoin-is-an-antidote-against-cbdcs/,True,200,True,True
en,13183,https://blog.virtuse.com/10-shared-beliefs-of-bitcoin-maximalist/,2022-10-07,https://virtuse.com/stories/10-shared-beliefs-of-bitcoin-maximalist/,https://virtuse.com/stories/10-shared-beliefs-of-bitcoin-maximalist/,True,200,True,True
en,13123,https://blog.virtuse.com/bitcoin-is-a-paradigm-shift-of-a-decade/,2022-09-28,https://virtuse.com/stories/bitcoin-is-a-paradigm-shift-of-a-decade/,https://virtuse.com/stories/bitcoin-is-a-paradigm-shift-of-a-decade/,True,200,True,True
en,12936,https://blog.virtuse.com/institutional-adoption-of-bitcoin-isnt-coming-its-already-here/,2022-09-08,https://virtuse.com/stories/institutional-adoption-of-bitcoin-isnt-coming-its-already-here/,https://virtuse.com/stories/institutional-adoption-of-bitcoin-isnt-coming-its-already-here/,True,200,True,True
en,12861,https://blog.virtuse.com/michael-burrys-is-predicting-epic-crash-should-you-sell/,2022-08-24,https://virtuse.com/stories/michael-burrys-is-predicting-epic-crash-should-you-sell/,https://virtuse.com/stories/michael-burrys-is-predicting-epic-crash-should-you-sell/,True,200,True,True
en,12815,https://blog.virtuse.com/the-white-house-changes-the-definition-of-recession-taking-gaslighting-to-another-level/,2022-08-03,https://virtuse.com/stories/the-white-house-changes-the-definition-of-recession-taking-gaslighting-to-another-level/,https://virtuse.com/stories/the-white-house-changes-the-definition-of-recession-taking-gaslighting-to-another-level/,True,200,True,True
en,12787,https://blog.virtuse.com/inflation-is-created-by-the-fed/,2022-07-26,https://virtuse.com/stories/inflation-is-created-by-the-fed/,https://virtuse.com/stories/inflation-is-created-by-the-fed/,True,200,True,True
en,12731,https://blog.virtuse.com/you-need-to-know-how-currency-is-created-and-how-it-dies/,2022-07-20,https://virtuse.com/stories/you-need-to-know-how-currency-is-created-and-how-it-dies/,https://virtuse.com/stories/you-need-to-know-how-currency-is-created-and-how-it-dies/,True,200,True,True
en,12700,https://blog.virtuse.com/heres-why-you-should-get-started-with-bitcoin/,2022-07-15,https://virtuse.com/stories/heres-why-you-should-get-started-with-bitcoin/,https://virtuse.com/stories/heres-why-you-should-get-started-with-bitcoin/,True,200,True,True
en,12690,https://blog.virtuse.com/142000-bitcoin-could-be-dumped-as-creditors-eye-mt-gox-repayment/,2022-07-11,https://virtuse.com/stories/142000-bitcoin-could-be-dumped-as-creditors-eye-mt-gox-repayment/,https://virtuse.com/stories/142000-bitcoin-could-be-dumped-as-creditors-eye-mt-gox-repayment/,True,200,True,True
en,12688,https://blog.virtuse.com/15-hours-ago-bitcoin-skeptic-peter-schiff-will-sell-troubled-euro-pacific-bank-for-btc-if-regulators-let-him/,2022-07-11,https://virtuse.com/stories/15-hours-ago-bitcoin-skeptic-peter-schiff-will-sell-troubled-euro-pacific-bank-for-btc-if-regulators-let-him/,https://virtuse.com/stories/15-hours-ago-bitcoin-skeptic-peter-schiff-will-sell-troubled-euro-pacific-bank-for-btc-if-regulators-let-him/,True,200,True,True
en,12686,https://blog.virtuse.com/a-brief-history-of-bitcoin-crashes-and-bear-markets-2009-2022/,2022-07-11,https://virtuse.com/stories/a-brief-history-of-bitcoin-crashes-and-bear-markets-2009-2022/,https://virtuse.com/stories/a-brief-history-of-bitcoin-crashes-and-bear-markets-2009-2022/,True,200,True,True
en,12684,https://blog.virtuse.com/bitcoin-cheap-at-20k-as-btc-price-to-wallet-ratio-mimics-2013/,2022-07-11,https://virtuse.com/stories/bitcoin-cheap-at-20k-as-btc-price-to-wallet-ratio-mimics-2013/,https://virtuse.com/stories/bitcoin-cheap-at-20k-as-btc-price-to-wallet-ratio-mimics-2013/,True,200,True,True
en,12666,https://blog.virtuse.com/this-is-why-you-need-to-rethink-investing-in-crypto/,2022-07-06,https://virtuse.com/stories/this-is-why-you-need-to-rethink-investing-in-crypto/,https://virtuse.com/stories/this-is-why-you-need-to-rethink-investing-in-crypto/,True,200,True,True
en,12644,https://blog.virtuse.com/three-lessons-from-the-terra-luna-collapse/,2022-07-01,https://virtuse.com/stories/three-lessons-from-the-terra-luna-collapse/,https://virtuse.com/stories/three-lessons-from-the-terra-luna-collapse/,True,200,True,True
en,12596,https://blog.virtuse.com/heres-the-guaranteed-way-to-lose-all-your-money/,2022-06-22,https://virtuse.com/stories/heres-the-guaranteed-way-to-lose-all-your-money/,https://virtuse.com/stories/heres-the-guaranteed-way-to-lose-all-your-money/,True,200,True,True
en,12537,https://blog.virtuse.com/worried-about-bitcoin-price-let-data-lead-the-way/,2022-06-15,https://virtuse.com/stories/worried-about-bitcoin-price-let-data-lead-the-way/,https://virtuse.com/stories/worried-about-bitcoin-price-let-data-lead-the-way/,True,200,True,True
en,10944,https://blog.virtuse.com/elon-musk-sees-a-recession-coming-here-are-3-ways-to-protect-yourself/,2022-06-08,https://virtuse.com/stories/elon-musk-sees-a-recession-coming-here-are-3-ways-to-protect-yourself/,https://virtuse.com/stories/elon-musk-sees-a-recession-coming-here-are-3-ways-to-protect-yourself/,True,200,True,True
en,10887,https://blog.virtuse.com/tesla-is-not-green-enough-for-esg-sp-500/,2022-06-15,https://virtuse.com/stories/tesla-is-not-green-enough-for-esg-sp-500/,https://virtuse.com/stories/tesla-is-not-green-enough-for-esg-sp-500/,True,200,True,True
en,10847,https://blog.virtuse.com/implications-of-the-russia-ukraine-crisis-are-much-larger-than-people-realize/,2022-05-26,https://virtuse.com/stories/implications-of-the-russia-ukraine-crisis-are-much-larger-than-people-realize/,https://virtuse.com/stories/implications-of-the-russia-ukraine-crisis-are-much-larger-than-people-realize/,True,200,True,True
en,10800,https://blog.virtuse.com/preco-sa-mmf-boji-kryptoizacie/,2022-05-18,https://virtuse.com/stories/preco-sa-mmf-boji-kryptoizacie/,https://virtuse.com/stories/preco-sa-mmf-boji-kryptoizacie/,True,200,True,True
en,10725,https://blog.virtuse.com/heres-why-you-should-not-buy-bitcoin/,2022-05-05,https://virtuse.com/stories/heres-why-you-should-not-buy-bitcoin/,https://virtuse.com/stories/heres-why-you-should-not-buy-bitcoin/,True,200,True,True
en,10683,https://blog.virtuse.com/bitcoin-investors-refuse-to-sell-their-bitcoin/,2022-04-28,https://virtuse.com/stories/bitcoin-investors-refuse-to-sell-their-bitcoin/,https://virtuse.com/stories/bitcoin-investors-refuse-to-sell-their-bitcoin/,True,200,True,True
en,10630,https://blog.virtuse.com/the-study-that-links-bitcoin-fans-to-psychopaths-is-too-superficial/,2022-04-22,https://virtuse.com/stories/the-study-that-links-bitcoin-fans-to-psychopaths-is-too-superficial/,https://virtuse.com/stories/the-study-that-links-bitcoin-fans-to-psychopaths-is-too-superficial/,True,200,True,True
en,10625,https://blog.virtuse.com/how-taoist-philosophy-deals-with-volatile-markets/,2022-04-13,https://virtuse.com/stories/how-taoist-philosophy-deals-with-volatile-markets/,https://virtuse.com/stories/how-taoist-philosophy-deals-with-volatile-markets/,True,200,True,True
en,10607,https://blog.virtuse.com/bitcoin-price-could-hit-4-8m-if-btc-becomes-the-global-reserve-currency/,2022-04-12,https://virtuse.com/stories/bitcoin-price-could-hit-4-8m-if-btc-becomes-the-global-reserve-currency/,https://virtuse.com/stories/bitcoin-price-could-hit-4-8m-if-btc-becomes-the-global-reserve-currency/,True,200,True,True
en,10582,https://blog.virtuse.com/why-bitcoin-skyrocketed-on-sunday/,2022-03-30,https://virtuse.com/stories/why-bitcoin-skyrocketed-on-sunday/,https://virtuse.com/stories/why-bitcoin-skyrocketed-on-sunday/,True,200,True,True
en,10532,https://blog.virtuse.com/how-to-prepare-for-recession/,2022-03-25,https://virtuse.com/stories/how-to-prepare-for-recession/,https://virtuse.com/stories/how-to-prepare-for-recession/,True,200,True,True
en,10507,https://blog.virtuse.com/how-to-prepare-for-a-recession/,2022-03-21,https://virtuse.com/stories/how-to-prepare-for-a-recession/,https://virtuse.com/stories/how-to-prepare-for-a-recession/,True,200,True,True
en,10442,https://blog.virtuse.com/after-this-war-is-over-money-will-never-be-the-same/,2022-03-16,https://virtuse.com/stories/after-this-war-is-over-money-will-never-be-the-same/,https://virtuse.com/stories/after-this-war-is-over-money-will-never-be-the-same/,True,200,True,True
en,10283,https://blog.virtuse.com/how-does-russia-benefit-from-the-invasion/,2022-03-02,https://virtuse.com/stories/how-does-russia-benefit-from-the-invasion/,https://virtuse.com/stories/how-does-russia-benefit-from-the-invasion/,True,200,True,True
en,10163,https://blog.virtuse.com/crypto-funding-expoled-in-2021/,2022-02-23,https://virtuse.com/stories/crypto-funding-expoled-in-2021/,https://virtuse.com/stories/crypto-funding-expoled-in-2021/,True,200,True,True
en,10149,https://blog.virtuse.com/the-war-in-europe-is-inevitable-should-you-sell/,2022-02-23,https://virtuse.com/stories/the-war-in-europe-is-inevitable-should-you-sell/,https://virtuse.com/stories/the-war-in-europe-is-inevitable-should-you-sell/,True,200,True,True
en,10064,https://blog.virtuse.com/married-couple-accused-of-laundering-3-6-billion-in-bitcoin/,2022-02-21,https://virtuse.com/stories/married-couple-accused-of-laundering-3-6-billion-in-bitcoin/,https://virtuse.com/stories/married-couple-accused-of-laundering-3-6-billion-in-bitcoin/,True,200,True,True
en,9995,https://blog.virtuse.com/sanctions-against-russia-are-a-marketing-campaign-for-bitcoin/,2022-02-17,https://virtuse.com/stories/sanctions-against-russia-are-a-marketing-campaign-for-bitcoin/,https://virtuse.com/stories/sanctions-against-russia-are-a-marketing-campaign-for-bitcoin/,True,200,True,True
en,9884,https://blog.virtuse.com/ignore-the-bearish-noise-and-invest-in-technologies-and-bitcoin/,2022-02-03,https://virtuse.com/stories/ignore-the-bearish-noise-and-invest-in-technologies-and-bitcoin/,https://virtuse.com/stories/ignore-the-bearish-noise-and-invest-in-technologies-and-bitcoin/,True,200,True,True
en,9837,https://blog.virtuse.com/whats-happening-with-bitcoin/,2022-01-27,https://virtuse.com/stories/whats-happening-with-bitcoin/,https://virtuse.com/stories/whats-happening-with-bitcoin/,True,200,True,True
en,10042,https://blog.virtuse.com/who-really-owns-web3/,2022-02-21,https://virtuse.com/stories/who-really-owns-web3/,https://virtuse.com/stories/who-really-owns-web3/,True,200,True,True
en,9768,https://blog.virtuse.com/5-reasons-why-you-should-own-bitcoin-in-2022-ras-vasilisin/,2022-01-18,https://virtuse.com/stories/5-reasons-why-you-should-own-bitcoin-in-2022-ras-vasilisin/,https://virtuse.com/stories/5-reasons-why-you-should-own-bitcoin-in-2022-ras-vasilisin/,True,200,True,True
en,10192,https://blog.virtuse.com/will-the-recent-events-in-kazakhstan-impact-bitcoin-mining/,2022-02-23,https://virtuse.com/stories/will-the-recent-events-in-kazakhstan-impact-bitcoin-mining/,https://virtuse.com/stories/will-the-recent-events-in-kazakhstan-impact-bitcoin-mining/,True,200,True,True
en,10190,https://blog.virtuse.com/stop-following-the-media-if-you-want-to-get-rich/,2022-02-23,https://virtuse.com/stories/stop-following-the-media-if-you-want-to-get-rich/,https://virtuse.com/stories/stop-following-the-media-if-you-want-to-get-rich/,True,200,True,True
en,9679,https://blog.virtuse.com/crypto-banking-is-the-inevitable-future-of-banking-but-there-are-risks/,2022-01-07,https://virtuse.com/stories/crypto-banking-is-the-inevitable-future-of-banking-but-there-are-risks/,https://virtuse.com/stories/crypto-banking-is-the-inevitable-future-of-banking-but-there-are-risks/,True,200,True,True
en,9567,https://blog.virtuse.com/7-new-crypto-billionaires-on-forbes-400-ras-vasilisin/,2021-12-29,https://virtuse.com/stories/7-new-crypto-billionaires-on-forbes-400-ras-vasilisin/,https://virtuse.com/stories/7-new-crypto-billionaires-on-forbes-400-ras-vasilisin/,True,200,True,True
en,9541,https://blog.virtuse.com/heres-how-americans-invested-in-bitcoin-in-2021-ras-vasilisin/,2021-12-29,https://virtuse.com/stories/heres-how-americans-invested-in-bitcoin-in-2021-ras-vasilisin/,https://virtuse.com/stories/heres-how-americans-invested-in-bitcoin-in-2021-ras-vasilisin/,True,200,True,True
en,9555,https://blog.virtuse.com/sec-delays-decisions-on-spot-bitcoin-etfs/,2021-12-29,https://virtuse.com/stories/sec-delays-decisions-on-spot-bitcoin-etfs/,https://virtuse.com/stories/sec-delays-decisions-on-spot-bitcoin-etfs/,True,200,True,True
en,9477,https://blog.virtuse.com/10-financial-predictions-for-2022-to-protect-your-wealth/,2021-12-21,https://virtuse.com/stories/10-financial-predictions-for-2022-to-protect-your-wealth/,https://virtuse.com/stories/10-financial-predictions-for-2022-to-protect-your-wealth/,True,200,True,True
en,9381,https://blog.virtuse.com/two-years-after-lockdowns-what-did-we-learn-ras-vasilisin/,2021-12-02,https://virtuse.com/stories/two-years-after-lockdowns-what-did-we-learn-ras-vasilisin/,https://virtuse.com/stories/two-years-after-lockdowns-what-did-we-learn-ras-vasilisin/,True,200,True,True
en,9296,https://blog.virtuse.com/how-to-deal-with-bitcoin-volatility-ras-vasilisin/,2021-11-25,https://virtuse.com/stories/how-to-deal-with-bitcoin-volatility-ras-vasilisin/,https://virtuse.com/stories/how-to-deal-with-bitcoin-volatility-ras-vasilisin/,True,200,True,True
en,9268,https://blog.virtuse.com/money-printing-the-ugly-elephant-in-the-room-that-media-ignore-ras-vasilisin/,2021-11-22,https://virtuse.com/stories/money-printing-the-ugly-elephant-in-the-room-that-media-ignore-ras-vasilisin/,https://virtuse.com/stories/money-printing-the-ugly-elephant-in-the-room-that-media-ignore-ras-vasilisin/,True,200,True,True
en,9109,https://blog.virtuse.com/metaverse-promises-a-boon-for-the-global-economy-ras-vasilisin/,2021-11-12,https://virtuse.com/stories/metaverse-promises-a-boon-for-the-global-economy-ras-vasilisin/,https://virtuse.com/stories/metaverse-promises-a-boon-for-the-global-economy-ras-vasilisin/,True,200,True,True
en,8996,https://blog.virtuse.com/the-good-bad-and-ugly-of-bitcoin-etf-ras-vasilisin/,2021-11-04,https://virtuse.com/stories/the-good-bad-and-ugly-of-bitcoin-etf-ras-vasilisin/,https://virtuse.com/stories/the-good-bad-and-ugly-of-bitcoin-etf-ras-vasilisin/,True,200,True,True
en,8888,https://blog.virtuse.com/keep-your-assets-parked-with-stablecoins-ras-vasilisin/,2021-10-28,https://virtuse.com/stories/keep-your-assets-parked-with-stablecoins-ras-vasilisin/,https://virtuse.com/stories/keep-your-assets-parked-with-stablecoins-ras-vasilisin/,True,200,True,True
en,8850,https://blog.virtuse.com/nfts-are-going-to-be-bigger-than-you-think-ras-vasilisin/,2021-10-25,https://virtuse.com/stories/nfts-are-going-to-be-bigger-than-you-think-ras-vasilisin/,https://virtuse.com/stories/nfts-are-going-to-be-bigger-than-you-think-ras-vasilisin/,True,200,True,True
en,8775,https://blog.virtuse.com/three-ways-how-media-downplays-inflation/,2021-10-16,https://virtuse.com/stories/three-ways-how-media-downplays-inflation/,https://virtuse.com/stories/three-ways-how-media-downplays-inflation/,True,200,True,True
en,8562,https://blog.virtuse.com/the-most-important-lessons-ive-learned-from-chinas-crackdown-on-everything-ras-vasilisin/,2021-11-02,https://virtuse.com/stories/the-most-important-lessons-ive-learned-from-chinas-crackdown-on-everything-ras-vasilisin/,https://virtuse.com/stories/the-most-important-lessons-ive-learned-from-chinas-crackdown-on-everything-ras-vasilisin/,True,200,True,True
en,8413,https://blog.virtuse.com/why-you-should-start-investing-in-bitcoin-now-ras-vasilisin/,2021-10-06,https://virtuse.com/stories/why-you-should-start-investing-in-bitcoin-now-ras-vasilisin/,https://virtuse.com/stories/why-you-should-start-investing-in-bitcoin-now-ras-vasilisin/,True,200,True,True
en,8357,https://blog.virtuse.com/three-ways-how-media-downplays-inflation-ras-vasilisin/,2021-09-23,https://virtuse.com/stories/three-ways-how-media-downplays-inflation-ras-vasilisin/,https://virtuse.com/stories/three-ways-how-media-downplays-inflation-ras-vasilisin/,True,200,True,True
en,8606,https://blog.virtuse.com/half-of-the-worlds-wealth-is-about-to-lose-most-of-its-value-ras-vasilisin/,2021-10-11,https://virtuse.com/stories/half-of-the-worlds-wealth-is-about-to-lose-most-of-its-value-ras-vasilisin/,https://virtuse.com/stories/half-of-the-worlds-wealth-is-about-to-lose-most-of-its-value-ras-vasilisin/,True,200,True,True
en,8293,https://blog.virtuse.com/consequences-of-absolute-power-ras-vasilisin/,2021-09-15,https://virtuse.com/stories/consequences-of-absolute-power-ras-vasilisin/,https://virtuse.com/stories/consequences-of-absolute-power-ras-vasilisin/,True,200,True,True
en,7799,https://blog.virtuse.com/western-union-suspends-transfers-to-afghanistan-cutting-off-support-for-suffering-population/,2021-08-24,https://virtuse.com/stories/western-union-suspends-transfers-to-afghanistan-cutting-off-support-for-suffering-population/,https://virtuse.com/stories/western-union-suspends-transfers-to-afghanistan-cutting-off-support-for-suffering-population/,True,200,True,True
en,7655,https://blog.virtuse.com/gold-vs-bitcoin-which-was-better-inflation-hedge/,2021-08-10,https://virtuse.com/stories/gold-vs-bitcoin-which-was-better-inflation-hedge/,https://virtuse.com/stories/gold-vs-bitcoin-which-was-better-inflation-hedge/,True,200,True,True
en,7589,https://blog.virtuse.com/banks-adopt-bitcoin-for-all-wrong-reasons/,2021-08-02,https://virtuse.com/stories/banks-adopt-bitcoin-for-all-wrong-reasons/,https://virtuse.com/stories/banks-adopt-bitcoin-for-all-wrong-reasons/,True,200,True,True
en,8236,https://blog.virtuse.com/what-you-need-to-know-about-a-digital-euro/,2021-09-13,https://virtuse.com/stories/what-you-need-to-know-about-a-digital-euro/,https://virtuse.com/stories/what-you-need-to-know-about-a-digital-euro/,True,200,True,True
en,7420,https://blog.virtuse.com/inflation-is-at-5-heres-what-to-do-and-not-to-do-about-it/,2021-07-06,https://virtuse.com/stories/inflation-is-at-5-heres-what-to-do-and-not-to-do-about-it/,https://virtuse.com/stories/inflation-is-at-5-heres-what-to-do-and-not-to-do-about-it/,True,200,True,True
en,8240,https://blog.virtuse.com/smart-money-arent-selling-bitcoin-so-who-is/,2021-09-13,https://virtuse.com/stories/smart-money-arent-selling-bitcoin-so-who-is/,https://virtuse.com/stories/smart-money-arent-selling-bitcoin-so-who-is/,True,200,True,True
en,7361,https://blog.virtuse.com/how-monetary-policies-affect-our-future/,2021-06-21,https://virtuse.com/stories/how-monetary-policies-affect-our-future/,https://virtuse.com/stories/how-monetary-policies-affect-our-future/,True,200,True,True
en,7312,https://blog.virtuse.com/why-bitcoin-is-not-a-ponzi-scheme/,2021-06-14,https://virtuse.com/stories/why-bitcoin-is-not-a-ponzi-scheme/,https://virtuse.com/stories/why-bitcoin-is-not-a-ponzi-scheme/,True,200,True,True
en,7227,https://blog.virtuse.com/bitcoin-over-bonds-dalio-prefers-bitcoin-to-bonds/,2021-06-01,https://virtuse.com/stories/bitcoin-over-bonds-dalio-prefers-bitcoin-to-bonds/,https://virtuse.com/stories/bitcoin-over-bonds-dalio-prefers-bitcoin-to-bonds/,True,200,True,True
en,7146,https://blog.virtuse.com/heres-how-the-legends-view-volatility/,2021-05-27,https://virtuse.com/stories/heres-how-the-legends-view-volatility/,https://virtuse.com/stories/heres-how-the-legends-view-volatility/,True,200,True,True
en,7092,https://blog.virtuse.com/what-elon-gets-wrong-about-bitcoins-carbon-footprint/,2021-06-14,https://virtuse.com/stories/what-elon-gets-wrong-about-bitcoins-carbon-footprint/,https://virtuse.com/stories/what-elon-gets-wrong-about-bitcoins-carbon-footprint/,True,200,True,True
en,7067,https://blog.virtuse.com/last-chance-to-buy-tesla/,2021-05-06,https://virtuse.com/stories/last-chance-to-buy-tesla/,https://virtuse.com/stories/last-chance-to-buy-tesla/,True,200,True,True
en,7056,https://blog.virtuse.com/dont-waste-your-time-investing-if-you-dont-have-these-5-essential-qualities/,2021-05-06,https://virtuse.com/stories/dont-waste-your-time-investing-if-you-dont-have-these-5-essential-qualities/,https://virtuse.com/stories/dont-waste-your-time-investing-if-you-dont-have-these-5-essential-qualities/,True,200,True,True
en,7037,https://blog.virtuse.com/half-of-the-worlds-wealth-is-about-to-lose-most-of-its-value/,2021-05-06,https://virtuse.com/stories/half-of-the-worlds-wealth-is-about-to-lose-most-of-its-value/,https://virtuse.com/stories/half-of-the-worlds-wealth-is-about-to-lose-most-of-its-value/,True,200,True,True
en,6850,https://blog.virtuse.com/what-is-the-best-use-of-your-time-in-a-lockdown/,2021-05-17,https://virtuse.com/stories/what-is-the-best-use-of-your-time-in-a-lockdown/,https://virtuse.com/stories/what-is-the-best-use-of-your-time-in-a-lockdown/,True,200,True,True
en,6829,https://blog.virtuse.com/nothing-can-stop-bitcoin-not-even-governments/,2021-09-21,https://virtuse.com/stories/nothing-can-stop-bitcoin-not-even-governments/,https://virtuse.com/stories/nothing-can-stop-bitcoin-not-even-governments/,True,200,True,True
en,6555,https://blog.virtuse.com/here-are-bitcoins-three-best-use-cases-right-now/,2021-03-30,https://virtuse.com/stories/here-are-bitcoins-three-best-use-cases-right-now/,https://virtuse.com/stories/here-are-bitcoins-three-best-use-cases-right-now/,True,200,True,True
en,6534,https://blog.virtuse.com/heres-what-will-happen-to-your-money-soon/,2021-03-30,https://virtuse.com/stories/heres-what-will-happen-to-your-money-soon/,https://virtuse.com/stories/heres-what-will-happen-to-your-money-soon/,True,200,True,True
en,6410,https://blog.virtuse.com/top-8-powerful-lessons-lockdown-has-taught-me/,2021-03-17,https://virtuse.com/stories/top-8-powerful-lessons-lockdown-has-taught-me/,https://virtuse.com/stories/top-8-powerful-lessons-lockdown-has-taught-me/,True,200,True,True
en,6401,https://blog.virtuse.com/banking-system-is-designed-to-exclude-98-of-the-world-from-investing/,2021-03-17,https://virtuse.com/stories/banking-system-is-designed-to-exclude-98-of-the-world-from-investing/,https://virtuse.com/stories/banking-system-is-designed-to-exclude-98-of-the-world-from-investing/,True,200,True,True
en,6383,https://blog.virtuse.com/why-you-should-give-up-on-the-60-40-portfolio/,2021-03-17,https://virtuse.com/stories/why-you-should-give-up-on-the-60-40-portfolio/,https://virtuse.com/stories/why-you-should-give-up-on-the-60-40-portfolio/,True,200,True,True
en,6007,https://blog.virtuse.com/how-to-deal-with-bitcoin-crash/,2021-03-17,https://virtuse.com/stories/how-to-deal-with-bitcoin-crash/,https://virtuse.com/stories/how-to-deal-with-bitcoin-crash/,True,200,True,True
en,5971,https://blog.virtuse.com/5-investment-lessons-i-learned-from-the-last-decade/,2021-03-02,https://virtuse.com/stories/5-investment-lessons-i-learned-from-the-last-decade/,https://virtuse.com/stories/5-investment-lessons-i-learned-from-the-last-decade/,True,200,True,True
en,5914,https://blog.virtuse.com/you-can-make-money-in-stocks-with-your-eyes-closed/,2021-02-17,https://virtuse.com/stories/you-can-make-money-in-stocks-with-your-eyes-closed/,https://virtuse.com/stories/you-can-make-money-in-stocks-with-your-eyes-closed/,True,200,True,True
en,5798,https://blog.virtuse.com/gamestop-is-a-financial-protest-against-the-global-financial-system/,2021-02-03,https://virtuse.com/stories/gamestop-is-a-financial-protest-against-the-global-financial-system/,https://virtuse.com/stories/gamestop-is-a-financial-protest-against-the-global-financial-system/,True,200,True,True
en,5792,https://blog.virtuse.com/be-aware-of-these-correlations-between-tesla-and-bitcoin-they-will-make-you-huge-profits/,2021-02-03,https://virtuse.com/stories/be-aware-of-these-correlations-between-tesla-and-bitcoin-they-will-make-you-huge-profits/,https://virtuse.com/stories/be-aware-of-these-correlations-between-tesla-and-bitcoin-they-will-make-you-huge-profits/,True,200,True,True
en,5786,https://blog.virtuse.com/education-and-bitcoin-are-key-to-wealth-protection/,2021-02-03,https://virtuse.com/stories/education-and-bitcoin-are-key-to-wealth-protection/,https://virtuse.com/stories/education-and-bitcoin-are-key-to-wealth-protection/,True,200,True,True
en,5780,https://blog.virtuse.com/are-you-using-these-3-life-hacks/,2021-02-03,https://virtuse.com/stories/are-you-using-these-3-life-hacks/,https://virtuse.com/stories/are-you-using-these-3-life-hacks/,True,200,True,True
en,5603,https://blog.virtuse.com/bitcoin-is-now-the-largest-financial-service-company/,2021-01-08,https://virtuse.com/stories/bitcoin-is-now-the-largest-financial-service-company/,https://virtuse.com/stories/bitcoin-is-now-the-largest-financial-service-company/,True,200,True,True
en,5593,https://blog.virtuse.com/will-bitcoin-steal-golds-thunder/,2021-01-08,https://virtuse.com/stories/will-bitcoin-steal-golds-thunder/,https://virtuse.com/stories/will-bitcoin-steal-golds-thunder/,True,200,True,True
en,5569,https://blog.virtuse.com/10-bold-predictions-for-2021-to-protect-your-wealth/,2021-09-09,https://virtuse.com/stories/10-bold-predictions-for-2021-to-protect-your-wealth/,https://virtuse.com/stories/10-bold-predictions-for-2021-to-protect-your-wealth/,True,200,True,True
en,5481,https://blog.virtuse.com/3-reasons-not-to-worry-about-a-bitcoin-crash/,2020-12-14,https://virtuse.com/stories/3-reasons-not-to-worry-about-a-bitcoin-crash/,https://virtuse.com/stories/3-reasons-not-to-worry-about-a-bitcoin-crash/,True,200,True,True
en,5475,https://blog.virtuse.com/buffett-is-hedging-against-endless-pandemic/,2020-12-14,https://virtuse.com/stories/buffett-is-hedging-against-endless-pandemic/,https://virtuse.com/stories/buffett-is-hedging-against-endless-pandemic/,True,200,True,True
en,5471,https://blog.virtuse.com/15-wall-street-institutions-bullish-on-bitcoin-2/,2020-12-14,https://virtuse.com/stories/15-wall-street-institutions-bullish-on-bitcoin-2/,https://virtuse.com/stories/15-wall-street-institutions-bullish-on-bitcoin-2/,True,200,True,True
en,5259,https://blog.virtuse.com/you-dont-need-millions-to-start-investing/,2021-06-07,https://virtuse.com/stories/you-dont-need-millions-to-start-investing/,https://virtuse.com/stories/you-dont-need-millions-to-start-investing/,True,200,True,True
en,5255,https://blog.virtuse.com/the-great-reset-and-what-it-means-for-you/,2020-11-20,https://virtuse.com/stories/the-great-reset-and-what-it-means-for-you/,https://virtuse.com/stories/the-great-reset-and-what-it-means-for-you/,True,200,True,True
en,5040,https://blog.virtuse.com/still-dont-know-why-to-buy-bitcoin-here-are-23-reasons-to-own-it/,2020-11-06,https://virtuse.com/stories/still-dont-know-why-to-buy-bitcoin-here-are-23-reasons-to-own-it/,https://virtuse.com/stories/still-dont-know-why-to-buy-bitcoin-here-are-23-reasons-to-own-it/,True,200,True,True
en,4948,https://blog.virtuse.com/8-investment-strategies-to-embrace-right-now/,2020-10-06,https://virtuse.com/stories/8-investment-strategies-to-embrace-right-now/,https://virtuse.com/stories/8-investment-strategies-to-embrace-right-now/,True,200,True,True
en,4942,https://blog.virtuse.com/five-takeaways-from-ray-dalios-portfolio/,2020-10-06,https://virtuse.com/stories/five-takeaways-from-ray-dalios-portfolio/,https://virtuse.com/stories/five-takeaways-from-ray-dalios-portfolio/,True,200,True,True
en,4808,https://blog.virtuse.com/the-good-bad-and-ugly-of-cbdc/,2020-09-22,https://virtuse.com/stories/the-good-bad-and-ugly-of-cbdc/,https://virtuse.com/stories/the-good-bad-and-ugly-of-cbdc/,True,200,True,True
en,4774,https://blog.virtuse.com/will-defi-be-the-killer-app-of-banking/,2020-09-17,https://virtuse.com/stories/will-defi-be-the-killer-app-of-banking/,https://virtuse.com/stories/will-defi-be-the-killer-app-of-banking/,True,200,True,True
en,4732,https://blog.virtuse.com/buffett-bought-gold-and-sold-banks-and-you-should-too/,2020-08-27,https://virtuse.com/stories/buffett-bought-gold-and-sold-banks-and-you-should-too/,https://virtuse.com/stories/buffett-bought-gold-and-sold-banks-and-you-should-too/,True,200,True,True
en,4724,https://blog.virtuse.com/inflation-is-coming-here-are-3-assets-that-will-get-you-ready/,2020-08-27,https://virtuse.com/stories/inflation-is-coming-here-are-3-assets-that-will-get-you-ready/,https://virtuse.com/stories/inflation-is-coming-here-are-3-assets-that-will-get-you-ready/,True,200,True,True
en,4623,https://blog.virtuse.com/arm-yourself-with-this-strategy-and-become-a-millionaire/,2021-02-18,https://virtuse.com/stories/arm-yourself-with-this-strategy-and-become-a-millionaire/,https://virtuse.com/stories/arm-yourself-with-this-strategy-and-become-a-millionaire/,True,200,True,True
en,4550,https://blog.virtuse.com/30-bitcoin-quotes-by-famous-people/,2020-07-27,https://virtuse.com/stories/30-bitcoin-quotes-by-famous-people/,https://virtuse.com/stories/30-bitcoin-quotes-by-famous-people/,True,200,True,True
en,4500,https://blog.virtuse.com/three-reasons-why-real-estate-prices-are-increasing-after-the-lockdowns/,2020-07-21,https://virtuse.com/stories/three-reasons-why-real-estate-prices-are-increasing-after-the-lockdowns/,https://virtuse.com/stories/three-reasons-why-real-estate-prices-are-increasing-after-the-lockdowns/,True,200,True,True
en,4414,https://blog.virtuse.com/10-rules-of-investing-from-legends-that-will-change-your-perspective-on-investing/,2020-07-21,https://virtuse.com/stories/10-rules-of-investing-from-legends-that-will-change-your-perspective-on-investing/,https://virtuse.com/stories/10-rules-of-investing-from-legends-that-will-change-your-perspective-on-investing/,True,200,True,True
en,4404,https://blog.virtuse.com/18-hard-truths-about-corona-recession/,2020-07-21,https://virtuse.com/stories/18-hard-truths-about-corona-recession/,https://virtuse.com/stories/18-hard-truths-about-corona-recession/,True,200,True,True
en,4246,https://blog.virtuse.com/they-cannot-be-trusted/,2020-07-21,https://virtuse.com/stories/they-cannot-be-trusted/,https://virtuse.com/stories/they-cannot-be-trusted/,True,200,True,True
en,4093,https://blog.virtuse.com/bitcoin-patience-is-a-virtue/,2020-07-27,https://virtuse.com/stories/bitcoin-patience-is-a-virtue/,https://virtuse.com/stories/bitcoin-patience-is-a-virtue/,True,200,True,True
en,4310,https://blog.virtuse.com/whats-the-end-game-of-all-this-money-printing-2/,2020-07-27,https://virtuse.com/stories/whats-the-end-game-of-all-this-money-printing-2/,https://virtuse.com/stories/whats-the-end-game-of-all-this-money-printing-2/,True,200,True,True
en,4040,https://blog.virtuse.com/take-back-control/,2020-07-27,https://virtuse.com/stories/take-back-control/,https://virtuse.com/stories/take-back-control/,True,200,True,True
en,3976,https://blog.virtuse.com/embrace-the-fear/,2020-08-05,https://virtuse.com/stories/embrace-the-fear/,https://virtuse.com/stories/embrace-the-fear/,True,200,True,True
en,3928,https://blog.virtuse.com/you-still-solvent-maintain-it/,2020-08-05,https://virtuse.com/stories/you-still-solvent-maintain-it/,https://virtuse.com/stories/you-still-solvent-maintain-it/,True,200,True,True
en,3851,https://blog.virtuse.com/heres-an-investing-reality/,2020-08-05,https://virtuse.com/stories/heres-an-investing-reality/,https://virtuse.com/stories/heres-an-investing-reality/,True,200,True,True
en,3814,https://blog.virtuse.com/bitcoin-and-gold-are-outperforming/,2020-08-05,https://virtuse.com/stories/bitcoin-and-gold-are-outperforming/,https://virtuse.com/stories/bitcoin-and-gold-are-outperforming/,True,200,True,True
en,3758,https://blog.virtuse.com/virtuse-news-april/,2020-05-04,https://virtuse.com/stories/virtuse-news-april/,https://virtuse.com/stories/virtuse-news-april/,True,200,True,True
en,3788,https://blog.virtuse.com/corona-bitcoin-gold-and-hyperinflation/,2020-04-29,https://virtuse.com/stories/corona-bitcoin-gold-and-hyperinflation/,https://virtuse.com/stories/corona-bitcoin-gold-and-hyperinflation/,True,200,True,True
en,3784,https://blog.virtuse.com/will-the-cure-be-worse-than-the-disease/,2020-04-29,https://virtuse.com/stories/will-the-cure-be-worse-than-the-disease/,https://virtuse.com/stories/will-the-cure-be-worse-than-the-disease/,True,200,True,True
en,3777,https://blog.virtuse.com/fear-is-real/,2020-04-29,https://virtuse.com/stories/fear-is-real/,https://virtuse.com/stories/fear-is-real/,True,200,True,True
en,3195,https://blog.virtuse.com/15-investment-strategies-for-surviving-the-corona-recession/,2020-05-22,https://virtuse.com/stories/15-investment-strategies-for-surviving-the-corona-recession/,https://virtuse.com/stories/15-investment-strategies-for-surviving-the-corona-recession/,True,200,True,True
en,2765,https://blog.virtuse.com/10-predictions-for-bitcoin-stocks-and-commodities-in-2020/,2020-03-20,https://virtuse.com/stories/10-predictions-for-bitcoin-stocks-and-commodities-in-2020/,https://virtuse.com/stories/10-predictions-for-bitcoin-stocks-and-commodities-in-2020/,True,200,True,True
en,2663,https://blog.virtuse.com/why-digital-assets-are-the-way-to-go/,2020-01-15,https://virtuse.com/stories/why-digital-assets-are-the-way-to-go/,https://virtuse.com/stories/why-digital-assets-are-the-way-to-go/,True,200,True,True
en,2425,https://blog.virtuse.com/virtuse-news-march/,2020-03-18,https://virtuse.com/stories/virtuse-news-march/,https://virtuse.com/stories/virtuse-news-march/,True,200,True,True
en,2303,https://blog.virtuse.com/crypto-commodities-what-are-they/,2019-11-11,https://virtuse.com/stories/crypto-commodities-what-are-they/,https://virtuse.com/stories/crypto-commodities-what-are-they/,True,200,True,True
en,2173,https://blog.virtuse.com/the-sword-of-damocles-is-dangling-over-financial-markets/,2019-10-07,https://virtuse.com/stories/the-sword-of-damocles-is-dangling-over-financial-markets/,https://virtuse.com/stories/the-sword-of-damocles-is-dangling-over-financial-markets/,True,200,True,True
en,1963,https://blog.virtuse.com/the-fifth-element-or-five-ways-to-understand-bitcoin/,2019-12-04,https://virtuse.com/stories/the-fifth-element-or-five-ways-to-understand-bitcoin/,https://virtuse.com/stories/the-fifth-element-or-five-ways-to-understand-bitcoin/,True,200,True,True
en,1409,https://blog.virtuse.com/every-hnwi-should-buy-bitcoin/,2019-09-05,https://virtuse.com/stories/every-hnwi-should-buy-bitcoin/,https://virtuse.com/stories/every-hnwi-should-buy-bitcoin/,True,200,True,True
en,1390,https://blog.virtuse.com/why-crypto-trading-and-digital-asset-management-is-the-next-big-thing/,2019-09-03,https://virtuse.com/stories/why-crypto-trading-and-digital-asset-management-is-the-next-big-thing/,https://virtuse.com/stories/why-crypto-trading-and-digital-asset-management-is-the-next-big-thing/,True,200,True,True
en,1296,https://blog.virtuse.com/virtuse-exchange-slim-profiling/,2019-09-11,https://virtuse.com/stories/virtuse-exchange-slim-profiling/,https://virtuse.com/stories/virtuse-exchange-slim-profiling/,True,200,True,True
en,1285,https://blog.virtuse.com/history-rhymes-or-5-arguments-for-investing-in-commodities/,2019-12-04,https://virtuse.com/stories/history-rhymes-or-5-arguments-for-investing-in-commodities/,https://virtuse.com/stories/history-rhymes-or-5-arguments-for-investing-in-commodities/,True,200,True,True
en,1113,https://blog.virtuse.com/last-week-in-crypto/,2019-09-03,https://virtuse.com/stories/last-week-in-crypto/,https://virtuse.com/stories/last-week-in-crypto/,True,200,True,True
en,941,https://blog.virtuse.com/r-vasilisin-bitcoin-appreciation-is-inevitable-as-is-the-disruption-of-the-current-financial-system/,2019-09-03,https://virtuse.com/stories/r-vasilisin-bitcoin-appreciation-is-inevitable-as-is-the-disruption-of-the-current-financial-system/,https://virtuse.com/stories/r-vasilisin-bitcoin-appreciation-is-inevitable-as-is-the-disruption-of-the-current-financial-system/,True,200,True,True
en,287,https://blog.virtuse.com/commodities-trading-enters-blockchain/,2019-09-11,https://virtuse.com/stories/commodities-trading-enters-blockchain/,https://virtuse.com/stories/commodities-trading-enters-blockchain/,True,200,True,True
en,300,https://blog.virtuse.com/it-is-always-darkest-before-the-dawn-5-arguments-for-investing-in-commodities/,2020-05-22,https://virtuse.com/stories/it-is-always-darkest-before-the-dawn-5-arguments-for-investing-in-commodities/,https://virtuse.com/stories/it-is-always-darkest-before-the-dawn-5-arguments-for-investing-in-commodities/,True,200,True,True
en,1301,https://blog.virtuse.com/dont-applaud-the-disaster-named-bitcoin-etf/,2019-11-10,https://virtuse.com/stories/dont-applaud-the-disaster-named-bitcoin-etf/,https://virtuse.com/stories/dont-applaud-the-disaster-named-bitcoin-etf/,True,200,True,True
en,1310,https://blog.virtuse.com/old-financial-model-is-about-to-be-disrupted/,2020-06-22,https://virtuse.com/stories/old-financial-model-is-about-to-be-disrupted/,https://virtuse.com/stories/old-financial-model-is-about-to-be-disrupted/,True,200,True,True
en,1314,https://blog.virtuse.com/when-will-we-travel-to-the-moon-despite-everything-crypto-is-still-more-popular/,2019-12-03,https://virtuse.com/stories/when-will-we-travel-to-the-moon-despite-everything-crypto-is-still-more-popular/,https://virtuse.com/stories/when-will-we-travel-to-the-moon-despite-everything-crypto-is-still-more-popular/,True,200,True,True
en,8865,https://blog.virtuse.com/nasdaq-bitcoin-futures-dont-get-your-hopes-up-2/,2021-10-22,https://virtuse.com/stories/nasdaq-bitcoin-futures-dont-get-your-hopes-up-2/,https://virtuse.com/stories/nasdaq-bitcoin-futures-dont-get-your-hopes-up-2/,True,200,True,True
en,395,https://blog.virtuse.com/nasdaq-bitcoin-futures-dont-get-your-hopes-up/,2020-06-12,https://virtuse.com/stories/nasdaq-bitcoin-futures-dont-get-your-hopes-up/,https://virtuse.com/stories/nasdaq-bitcoin-futures-dont-get-your-hopes-up/,True,200,True,True
en,2011,https://blog.virtuse.com/understanding-stablecoins-from-an-economists-perspective/,2019-11-10,https://virtuse.com/stories/understanding-stablecoins-from-an-economists-perspective/,https://virtuse.com/stories/understanding-stablecoins-from-an-economists-perspective/,True,200,True,True
en,2016,https://blog.virtuse.com/why-you-should-be-interested-in-commodities-trading-2/,2020-06-11,https://virtuse.com/stories/why-you-should-be-interested-in-commodities-trading-2/,https://virtuse.com/stories/why-you-should-be-interested-in-commodities-trading-2/,True,200,True,True
en,1317,https://blog.virtuse.com/it-is-time-to-talk-about-the-next-stage-of-crypto-evolution/,2019-11-10,https://virtuse.com/stories/it-is-time-to-talk-about-the-next-stage-of-crypto-evolution/,https://virtuse.com/stories/it-is-time-to-talk-about-the-next-stage-of-crypto-evolution/,True,200,True,True
en,364,https://blog.virtuse.com/whats-the-number-one-thing-missing-from-blockchain-technology/,2020-06-12,https://virtuse.com/stories/whats-the-number-one-thing-missing-from-blockchain-technology/,https://virtuse.com/stories/whats-the-number-one-thing-missing-from-blockchain-technology/,True,200,True,True
en,375,https://blog.virtuse.com/from-2014-up-until-now-the-evolution-of-crypto-exchanges/,2020-06-12,https://virtuse.com/stories/from-2014-up-until-now-the-evolution-of-crypto-exchanges/,https://virtuse.com/stories/from-2014-up-until-now-the-evolution-of-crypto-exchanges/,True,200,True,True
en,2256,https://blog.virtuse.com/the-elephant-chain-syndrome-in-cryptocurrencies-we-have-whales-and-now-elephants-too/,2019-10-15,https://virtuse.com/stories/the-elephant-chain-syndrome-in-cryptocurrencies-we-have-whales-and-now-elephants-too/,https://virtuse.com/stories/the-elephant-chain-syndrome-in-cryptocurrencies-we-have-whales-and-now-elephants-too/,True,200,True,True
en,337,https://blog.virtuse.com/crypto%e2%80%8a-%e2%80%8apeople-are-questioning-thee/,2020-06-12,https://virtuse.com/stories/337/,https://virtuse.com/stories/337/,True,200,True,True
en,336,https://blog.virtuse.com/the-cryptocurrency-regulation-conundrum/,2020-06-12,https://virtuse.com/stories/the-cryptocurrency-regulation-conundrum/,https://virtuse.com/stories/the-cryptocurrency-regulation-conundrum/,True,200,True,True
en,1999,https://blog.virtuse.com/the-meaning-of-virtuse-to-our-company-people-and-investors/,2019-11-10,https://virtuse.com/stories/the-meaning-of-virtuse-to-our-company-people-and-investors/,https://virtuse.com/stories/the-meaning-of-virtuse-to-our-company-people-and-investors/,True,200,True,True
sk,15166,https://blog.virtuse.com/sk/bitcoin-vyhral-vojnu-november-este-len-rozhodne/,2026-10-05,https://virtuse.com/sk/stories/bitcoin-vyhral-vojnu-november-este-len-rozhodne/,https://virtuse.com/sk/stories/bitcoin-vyhral-vojnu-november-este-len-rozhodne/,True,200,True,True
sk,15139,https://blog.virtuse.com/sk/camusova-otazka-ak-je-vsetko-relativne-preco-pokracovat/,2026-09-30,https://virtuse.com/sk/stories/camusova-otazka-ak-je-vsetko-relativne-preco-pokracovat/,https://virtuse.com/sk/stories/camusova-otazka-ak-je-vsetko-relativne-preco-pokracovat/,True,200,True,True
sk,15136,https://blog.virtuse.com/sk/preco-bitcoin-za-10-milionov-nie-je-len-mem-ale-matematicka-nevyhnutnost/,2026-09-28,https://virtuse.com/sk/stories/preco-bitcoin-za-10-milionov-nie-je-len-mem-ale-matematicka-nevyhnutnost/,https://virtuse.com/sk/stories/preco-bitcoin-za-10-milionov-nie-je-len-mem-ale-matematicka-nevyhnutnost/,True,200,True,True
sk,15135,https://blog.virtuse.com/sk/patpercentny-vynos-a-trh-ktory-uz-nechce-americke-dlhopisy/,2026-09-28,https://virtuse.com/sk/stories/patpercentny-vynos-a-trh-ktory-uz-nechce-americke-dlhopisy/,https://virtuse.com/sk/stories/patpercentny-vynos-a-trh-ktory-uz-nechce-americke-dlhopisy/,True,200,True,True
sk,15119,https://blog.virtuse.com/sk/bitcoin-po-zvyseni-sadzieb-fedu-znova-nad-80000/,2026-09-21,https://virtuse.com/sk/stories/bitcoin-po-zvyseni-sadzieb-fedu-znova-nad-80000/,https://virtuse.com/sk/stories/bitcoin-po-zvyseni-sadzieb-fedu-znova-nad-80000/,True,200,True,True
sk,15106,https://blog.virtuse.com/sk/ai-nie-je-hrozba-hrozbou-su-ti-co-vas-pred-nou-idu-zachranovat/,2026-09-15,https://virtuse.com/sk/stories/ai-nie-je-hrozba-hrozbou-su-ti-co-vas-pred-nou-idu-zachranovat/,https://virtuse.com/sk/stories/ai-nie-je-hrozba-hrozbou-su-ti-co-vas-pred-nou-idu-zachranovat/,True,200,True,True
sk,15074,https://blog.virtuse.com/sk/top-udalosti-minuleho-tyzdna-na-bitcoinovom-trhu/,2026-09-14,https://virtuse.com/sk/stories/top-udalosti-minuleho-tyzdna-na-bitcoinovom-trhu/,https://virtuse.com/sk/stories/top-udalosti-minuleho-tyzdna-na-bitcoinovom-trhu/,True,200,True,True
sk,15027,https://blog.virtuse.com/sk/98-ludi-nesmie-investovat-presne-ako-kedysi-nesmeli-citat-bibliu/,2026-09-02,https://virtuse.com/sk/stories/98-ludi-nesmie-investovat-presne-ako-kedysi-nesmeli-citat-bibliu/,https://virtuse.com/sk/stories/98-ludi-nesmie-investovat-presne-ako-kedysi-nesmeli-citat-bibliu/,True,200,True,True
sk,15022,https://blog.virtuse.com/sk/preco-bitcoin-neudrzal-80000-a-co-piatok-naozaj-testuje/,2026-09-01,https://virtuse.com/sk/stories/preco-bitcoin-neudrzal-80000-a-co-piatok-naozaj-testuje/,https://virtuse.com/sk/stories/preco-bitcoin-neudrzal-80000-a-co-piatok-naozaj-testuje/,True,200,True,True
sk,15015,https://blog.virtuse.com/sk/bitcoin-klesol-spat-pod-80000-pred-vystupenim-warsha-v-jackson-hole/,2026-08-28,https://virtuse.com/sk/stories/bitcoin-klesol-spat-pod-80000-pred-vystupenim-warsha-v-jackson-hole/,https://virtuse.com/sk/stories/bitcoin-klesol-spat-pod-80000-pred-vystupenim-warsha-v-jackson-hole/,True,200,True,True
sk,15003,https://blog.virtuse.com/sk/neprestanu-tlacit-peniaze-preco-je-rast-bitcoinu-na-200-000-dolarov-nezastavitelny-bez-ohladu-na-to-co-tvrdia-hlasatelia-v-televizii/,2026-08-20,https://virtuse.com/sk/stories/neprestanu-tlacit-peniaze-preco-je-rast-bitcoinu-na-200-000-dolarov-nezastavitelny-bez-ohladu-na-to-co-tvrdia-hlasatelia-v-televizii/,https://virtuse.com/sk/stories/neprestanu-tlacit-peniaze-preco-je-rast-bitcoinu-na-200-000-dolarov-nezastavitelny-bez-ohladu-na-to-co-tvrdia-hlasatelia-v-televizii/,True,200,True,True
sk,14988,https://blog.virtuse.com/sk/preco-nam-pod-zamienkou-kolapsu-europy-planuju-vziat-posledne-kusky-slobody/,2026-06-30,https://virtuse.com/sk/stories/preco-nam-pod-zamienkou-kolapsu-europy-planuju-vziat-posledne-kusky-slobody/,https://virtuse.com/sk/stories/preco-nam-pod-zamienkou-kolapsu-europy-planuju-vziat-posledne-kusky-slobody/,True,200,True,True
sk,14984,https://blog.virtuse.com/sk/obchodoval-som-na-wall-street-ako-prvy-slovak-dnes-viem-preco-je-elon-musk-v-skutocnosti-najbohatsim-vaznom-fiat-systemu/,2026-06-26,https://virtuse.com/sk/stories/obchodoval-som-na-wall-street-ako-prvy-slovak-dnes-viem-preco-je-elon-musk-v-skutocnosti-najbohatsim-vaznom-fiat-systemu/,https://virtuse.com/sk/stories/obchodoval-som-na-wall-street-ako-prvy-slovak-dnes-viem-preco-je-elon-musk-v-skutocnosti-najbohatsim-vaznom-fiat-systemu/,True,200,True,True
sk,14971,https://blog.virtuse.com/sk/ako-bilion-elona-muska-a-rekordne-ipo-spacex-nicia-myty-o-zlych-miliardaroch/,2026-06-15,https://virtuse.com/sk/stories/ako-bilion-elona-muska-a-rekordne-ipo-spacex-nicia-myty-o-zlych-miliardaroch/,https://virtuse.com/sk/stories/ako-bilion-elona-muska-a-rekordne-ipo-spacex-nicia-myty-o-zlych-miliardaroch/,True,200,True,True
sk,14964,https://blog.virtuse.com/sk/kym-sa-hadate-o-ficovi-a-simeckovi-vo-frankfurte-vam-potichu-zatvaraju-financnu-pascu/,2026-06-04,https://virtuse.com/sk/stories/kym-sa-hadate-o-ficovi-a-simeckovi-vo-frankfurte-vam-potichu-zatvaraju-financnu-pascu/,https://virtuse.com/sk/stories/kym-sa-hadate-o-ficovi-a-simeckovi-vo-frankfurte-vam-potichu-zatvaraju-financnu-pascu/,True,200,True,True
sk,14955,https://blog.virtuse.com/sk/preco-vas-nehnutelnost-robi-chudobnejsimi-a-ako-sa-z-toho-von/,2026-05-29,https://virtuse.com/sk/stories/preco-vas-nehnutelnost-robi-chudobnejsimi-a-ako-sa-z-toho-von/,https://virtuse.com/sk/stories/preco-vas-nehnutelnost-robi-chudobnejsimi-a-ako-sa-z-toho-von/,True,200,True,True
sk,14952,https://blog.virtuse.com/sk/preco-je-kriz-pre-nabozenstvo-progresivizmu-najvacsou-hrozbou/,2026-05-27,https://virtuse.com/sk/stories/preco-je-kriz-pre-nabozenstvo-progresivizmu-najvacsou-hrozbou/,https://virtuse.com/sk/stories/preco-je-kriz-pre-nabozenstvo-progresivizmu-najvacsou-hrozbou/,True,200,True,True
sk,14948,https://blog.virtuse.com/sk/schopenhauerov-raj-blaznov-preco-si-hlupaci-myslia-ze-su-geniovia/,2026-05-26,https://virtuse.com/sk/stories/schopenhauerov-raj-blaznov-preco-si-hlupaci-myslia-ze-su-geniovia/,https://virtuse.com/sk/stories/schopenhauerov-raj-blaznov-preco-si-hlupaci-myslia-ze-su-geniovia/,True,200,True,True
sk,14928,https://blog.virtuse.com/sk/tradicne-portfolio-60-40-je-mrtve-financna-samovrazda-vyhodte-svojho-poradcu-kym-je-cas/,2026-05-21,https://virtuse.com/sk/stories/tradicne-portfolio-60-40-je-mrtve-financna-samovrazda-vyhodte-svojho-poradcu-kym-je-cas/,https://virtuse.com/sk/stories/tradicne-portfolio-60-40-je-mrtve-financna-samovrazda-vyhodte-svojho-poradcu-kym-je-cas/,True,200,True,True
sk,14902,https://blog.virtuse.com/sk/preco-saylor-a-wall-street-predpovedaju-bitcoin-od-150-tisic-az-po-10-milionov/,2026-05-09,https://virtuse.com/sk/stories/preco-saylor-a-wall-street-predpovedaju-bitcoin-od-150-tisic-az-po-10-milionov/,https://virtuse.com/sk/stories/preco-saylor-a-wall-street-predpovedaju-bitcoin-od-150-tisic-az-po-10-milionov/,True,200,True,True
sk,14895,https://blog.virtuse.com/sk/polarizacia-ako-biznis-model-kto-zaraba-na-vasom-hneve/,2026-05-05,https://virtuse.com/sk/stories/polarizacia-ako-biznis-model-kto-zaraba-na-vasom-hneve/,https://virtuse.com/sk/stories/polarizacia-ako-biznis-model-kto-zaraba-na-vasom-hneve/,True,200,True,True
sk,14889,https://blog.virtuse.com/sk/islamsky-jezis-ako-trojsky-kon-neverte-rozpravkam-o-kompatibilite/,2026-04-30,https://virtuse.com/sk/stories/islamsky-jezis-ako-trojsky-kon-neverte-rozpravkam-o-kompatibilite/,https://virtuse.com/sk/stories/islamsky-jezis-ako-trojsky-kon-neverte-rozpravkam-o-kompatibilite/,True,200,True,True
sk,14878,https://blog.virtuse.com/sk/blackrock-investuje-staty-hromadia-bitcoin-no-slovak-ma-jasno-je-to-pyramida-a-vy-vsetci-si-este-zaplacete/,2026-04-24,https://virtuse.com/sk/stories/blackrock-investuje-staty-hromadia-bitcoin-no-slovak-ma-jasno-je-to-pyramida-a-vy-vsetci-si-este-zaplacete/,https://virtuse.com/sk/stories/blackrock-investuje-staty-hromadia-bitcoin-no-slovak-ma-jasno-je-to-pyramida-a-vy-vsetci-si-este-zaplacete/,True,200,True,True
sk,14871,https://blog.virtuse.com/sk/iransky-pad-mytus-o-sile-skoncil/,2026-04-23,https://virtuse.com/sk/stories/iransky-pad-mytus-o-sile-skoncil/,https://virtuse.com/sk/stories/iransky-pad-mytus-o-sile-skoncil/,True,200,True,True
sk,14859,https://blog.virtuse.com/sk/pyramidova-hra-menom-fiat-koniec-ery-penazi-ktore-sa-daju-len-tak-dotlacit/,2026-04-20,https://virtuse.com/sk/stories/pyramidova-hra-menom-fiat-koniec-ery-penazi-ktore-sa-daju-len-tak-dotlacit/,https://virtuse.com/sk/stories/pyramidova-hra-menom-fiat-koniec-ery-penazi-ktore-sa-daju-len-tak-dotlacit/,True,200,True,True
sk,14856,https://blog.virtuse.com/sk/machiavelliho-styl-preco-dobri-chlapci-koncia-ako-rohozky/,2026-04-20,https://virtuse.com/sk/stories/machiavelliho-styl-preco-dobri-chlapci-koncia-ako-rohozky/,https://virtuse.com/sk/stories/machiavelliho-styl-preco-dobri-chlapci-koncia-ako-rohozky/,True,200,True,True
sk,14841,https://blog.virtuse.com/sk/zabudni-na-05-v-banke-saylorov-stroj-ti-vyplati-115-rocne-a-mesacne-na-ucet/,2026-04-14,https://virtuse.com/sk/stories/zabudni-na-05-v-banke-saylorov-stroj-ti-vyplati-115-rocne-a-mesacne-na-ucet/,https://virtuse.com/sk/stories/zabudni-na-05-v-banke-saylorov-stroj-ti-vyplati-115-rocne-a-mesacne-na-ucet/,True,200,True,True
sk,14832,https://blog.virtuse.com/sk/matrix-ta-chce-unaveneho-preco-je-thoreauova-samota-tvojim-najvacsim-utokom-na-system/,2026-04-10,https://virtuse.com/sk/stories/matrix-ta-chce-unaveneho-preco-je-thoreauova-samota-tvojim-najvacsim-utokom-na-system/,https://virtuse.com/sk/stories/matrix-ta-chce-unaveneho-preco-je-thoreauova-samota-tvojim-najvacsim-utokom-na-system/,True,200,True,True
sk,14828,https://blog.virtuse.com/sk/velka-noc-seizmicky-posun-ktory-nam-dal-hodnotu-cloveka/,2026-04-04,https://virtuse.com/sk/stories/velka-noc-seizmicky-posun-ktory-nam-dal-hodnotu-cloveka/,https://virtuse.com/sk/stories/velka-noc-seizmicky-posun-ktory-nam-dal-hodnotu-cloveka/,True,200,True,True
sk,14824,https://blog.virtuse.com/sk/gratulujeme-k-uspesnej-socializacii-podla-schopenhauera-ste-prave-zobchodovali-tri-stvrtiny-svojho-mozgu-za-lacny-pocit-ze-nie-ste-divni/,2026-04-04,https://virtuse.com/sk/stories/gratulujeme-k-uspesnej-socializacii-podla-schopenhauera-ste-prave-zobchodovali-tri-stvrtiny-svojho-mozgu-za-lacny-pocit-ze-nie-ste-divni/,https://virtuse.com/sk/stories/gratulujeme-k-uspesnej-socializacii-podla-schopenhauera-ste-prave-zobchodovali-tri-stvrtiny-svojho-mozgu-za-lacny-pocit-ze-nie-ste-divni/,True,200,True,True
sk,14812,https://blog.virtuse.com/sk/luciferov-efekt-si-skutocne-dobry-alebo-len-netestovany/,2026-03-28,https://virtuse.com/sk/stories/luciferov-efekt-si-skutocne-dobry-alebo-len-netestovany/,https://virtuse.com/sk/stories/luciferov-efekt-si-skutocne-dobry-alebo-len-netestovany/,True,200,True,True
sk,14803,https://blog.virtuse.com/sk/cantillonov-efekt-mechanizmus-ktory-dorucuje-cerstve-peniaze-bohatym-a-inflaciu-vsetkym-ostatnym/,2026-03-25,https://virtuse.com/sk/stories/cantillonov-efekt-mechanizmus-ktory-dorucuje-cerstve-peniaze-bohatym-a-inflaciu-vsetkym-ostatnym/,https://virtuse.com/sk/stories/cantillonov-efekt-mechanizmus-ktory-dorucuje-cerstve-peniaze-bohatym-a-inflaciu-vsetkym-ostatnym/,True,200,True,True
sk,14793,https://blog.virtuse.com/sk/schopenhauerov-recept-na-dusevne-zdravie-prestante-hadzat-perly-sviniam/,2026-03-19,https://virtuse.com/sk/stories/schopenhauerov-recept-na-dusevne-zdravie-prestante-hadzat-perly-sviniam/,https://virtuse.com/sk/stories/schopenhauerov-recept-na-dusevne-zdravie-prestante-hadzat-perly-sviniam/,True,200,True,True
sk,14775,https://blog.virtuse.com/sk/zatial-co-oni-tlacia-biliony-vy-chudobniete-existuje-vsak-unikovy-modul/,2026-03-13,https://virtuse.com/sk/stories/zatial-co-oni-tlacia-biliony-vy-chudobniete-existuje-vsak-unikovy-modul/,https://virtuse.com/sk/stories/zatial-co-oni-tlacia-biliony-vy-chudobniete-existuje-vsak-unikovy-modul/,True,200,True,True
sk,14729,https://blog.virtuse.com/sk/75-z-nas-dostane-padaka-sme-pripraveni-na-digitalny-feudalizmus/,2026-03-10,https://virtuse.com/sk/stories/75-z-nas-dostane-padaka-sme-pripraveni-na-digitalny-feudalizmus/,https://virtuse.com/sk/stories/75-z-nas-dostane-padaka-sme-pripraveni-na-digitalny-feudalizmus/,True,200,True,True
sk,14700,https://blog.virtuse.com/sk/teokracia-na-kolenach-trumpova-vysnivana-hra-o-novy-iran/,2026-03-06,https://virtuse.com/sk/stories/teokracia-na-kolenach-trumpova-vysnivana-hra-o-novy-iran/,https://virtuse.com/sk/stories/teokracia-na-kolenach-trumpova-vysnivana-hra-o-novy-iran/,True,200,True,True
sk,14688,https://blog.virtuse.com/sk/zlato-je-len-dymovy-detektor-bitcoin-je-unikova-cesta-preco-v-roku-2026-vitazi-matematika-nad-historiou/,2026-03-11,https://virtuse.com/sk/stories/zlato-je-len-dymovy-detektor-bitcoin-je-unikova-cesta-preco-v-roku-2026-vitazi-matematika-nad-historiou/,https://virtuse.com/sk/stories/zlato-je-len-dymovy-detektor-bitcoin-je-unikova-cesta-preco-v-roku-2026-vitazi-matematika-nad-historiou/,True,200,True,True
sk,14680,https://blog.virtuse.com/sk/preco-kauza-epstein-nie-je-bulvar-ale-zlyhanie-globalneho-systemu/,2026-02-13,https://virtuse.com/sk/stories/preco-kauza-epstein-nie-je-bulvar-ale-zlyhanie-globalneho-systemu/,https://virtuse.com/sk/stories/preco-kauza-epstein-nie-je-bulvar-ale-zlyhanie-globalneho-systemu/,True,200,True,True
sk,14675,https://blog.virtuse.com/sk/bitcoin-nie-je-mrtvy-to-len-vas-stary-matrix-kolabuje/,2026-03-11,https://virtuse.com/sk/stories/bitcoin-nie-je-mrtvy-to-len-vas-stary-matrix-kolabuje/,https://virtuse.com/sk/stories/bitcoin-nie-je-mrtvy-to-len-vas-stary-matrix-kolabuje/,True,200,True,True
sk,14671,https://blog.virtuse.com/sk/krvavy-kupel-na-trhu-preco-je-pad-bitcoinu-pod-67-000-obrovskou-prilezitostou/,2026-02-06,https://virtuse.com/sk/stories/krvavy-kupel-na-trhu-preco-je-pad-bitcoinu-pod-67-000-obrovskou-prilezitostou/,https://virtuse.com/sk/stories/krvavy-kupel-na-trhu-preco-je-pad-bitcoinu-pod-67-000-obrovskou-prilezitostou/,True,200,True,True
sk,14665,https://blog.virtuse.com/sk/preco-davos-nenavidi-trumpa/,2026-01-27,https://virtuse.com/sk/stories/preco-davos-nenavidi-trumpa/,https://virtuse.com/sk/stories/preco-davos-nenavidi-trumpa/,True,200,True,True
sk,14659,https://blog.virtuse.com/sk/gronsko-na-predaj-prestante-riesit-arktidu-a-radsej-si-upracte-svoju-izbu/,2026-01-21,https://virtuse.com/sk/stories/gronsko-na-predaj-prestante-riesit-arktidu-a-radsej-si-upracte-svoju-izbu/,https://virtuse.com/sk/stories/gronsko-na-predaj-prestante-riesit-arktidu-a-radsej-si-upracte-svoju-izbu/,True,200,True,True
sk,14651,https://blog.virtuse.com/sk/iransky-rial-sa-meni-na-prach-ste-si-isti-ze-vase-eura-necaka-rovnaky-osud/,2026-01-17,https://virtuse.com/sk/stories/iransky-rial-sa-meni-na-prach-ste-si-isti-ze-vase-eura-necaka-rovnaky-osud/,https://virtuse.com/sk/stories/iransky-rial-sa-meni-na-prach-ste-si-isti-ze-vase-eura-necaka-rovnaky-osud/,True,200,True,True
sk,14645,https://blog.virtuse.com/sk/media-v-soku-necakany-americky-zazrak-ktory-experti-predpovedali-ako-kolaps/,2026-01-09,https://virtuse.com/sk/stories/media-v-soku-necakany-americky-zazrak-ktory-experti-predpovedali-ako-kolaps/,https://virtuse.com/sk/stories/media-v-soku-necakany-americky-zazrak-ktory-experti-predpovedali-ako-kolaps/,True,200,True,True
sk,14625,https://blog.virtuse.com/sk/jpmorgan-a-jane-street-v-akcii/,2025-12-19,https://virtuse.com/sk/stories/jpmorgan-a-jane-street-v-akcii/,https://virtuse.com/sk/stories/jpmorgan-a-jane-street-v-akcii/,True,200,True,True
sk,14614,https://blog.virtuse.com/sk/vzostup-ai-znamena-koniec-zeleneho-sna/,2025-12-09,https://virtuse.com/sk/stories/vzostup-ai-znamena-koniec-zeleneho-sna/,https://virtuse.com/sk/stories/vzostup-ai-znamena-koniec-zeleneho-sna/,True,200,True,True
sk,14606,https://blog.virtuse.com/sk/co-ak-financna-sloboda-neznamena-mat-viac-veci-ale-lepsie-ulozeny-cas/,2025-12-02,https://virtuse.com/sk/stories/co-ak-financna-sloboda-neznamena-mat-viac-veci-ale-lepsie-ulozeny-cas/,https://virtuse.com/sk/stories/co-ak-financna-sloboda-neznamena-mat-viac-veci-ale-lepsie-ulozeny-cas/,True,200,True,True
sk,14603,https://blog.virtuse.com/sk/bitcoinovy-sok-v-blackrocku-bitcoin-je-zrazu-ich-hlavny-generator-prijmov/,2025-12-02,https://virtuse.com/sk/stories/bitcoinovy-sok-v-blackrocku-bitcoin-je-zrazu-ich-hlavny-generator-prijmov/,https://virtuse.com/sk/stories/bitcoinovy-sok-v-blackrocku-bitcoin-je-zrazu-ich-hlavny-generator-prijmov/,True,200,True,True
sk,14582,https://blog.virtuse.com/sk/korporatny-bitcoin-ako-jeden-ceo-spustil-revoluciu-v-ochrane-majetku-firiem/,2026-03-10,https://virtuse.com/sk/stories/korporatny-bitcoin-ako-jeden-ceo-spustil-revoluciu-v-ochrane-majetku-firiem/,https://virtuse.com/sk/stories/korporatny-bitcoin-ako-jeden-ceo-spustil-revoluciu-v-ochrane-majetku-firiem/,True,200,True,True
sk,14504,https://blog.virtuse.com/sk/bitcoin-ako-nova-firemna-pokladnica/,2026-03-11,https://virtuse.com/sk/stories/bitcoin-ako-nova-firemna-pokladnica/,https://virtuse.com/sk/stories/bitcoin-ako-nova-firemna-pokladnica/,True,200,True,True
sk,14100,https://blog.virtuse.com/sk/sedem-dovodov-preco-bankovnictvo-konci/,2026-03-11,https://virtuse.com/sk/stories/sedem-dovodov-preco-bankovnictvo-konci/,https://virtuse.com/sk/stories/sedem-dovodov-preco-bankovnictvo-konci/,True,200,True,True
sk,13922,https://blog.virtuse.com/sk/rusko-vyuziva-krypto-na-obchadzanie-sankcii/,2023-03-01,https://virtuse.com/sk/stories/rusko-vyuziva-krypto-na-obchadzanie-sankcii/,https://virtuse.com/sk/stories/rusko-vyuziva-krypto-na-obchadzanie-sankcii/,True,200,True,True
sk,13894,https://blog.virtuse.com/sk/bitcoin-mal-najlepsi-januar-za-poslednych-10-rokov-2/,2023-02-14,https://virtuse.com/sk/stories/bitcoin-mal-najlepsi-januar-za-poslednych-10-rokov-2/,https://virtuse.com/sk/stories/bitcoin-mal-najlepsi-januar-za-poslednych-10-rokov-2/,True,200,True,True
sk,13784,https://blog.virtuse.com/sk/fiat-je-mrtvy-zacal-sa-boj-o-buducnost-penazi/,2026-03-10,https://virtuse.com/sk/stories/fiat-je-mrtvy-zacal-sa-boj-o-buducnost-penazi/,https://virtuse.com/sk/stories/fiat-je-mrtvy-zacal-sa-boj-o-buducnost-penazi/,True,200,True,True
sk,13694,https://blog.virtuse.com/sk/biely-dom-zmenil-definiciu-recesie-a-potom-vykazal-falosne-cisla-o-zamestnanosti/,2022-12-26,https://virtuse.com/sk/stories/biely-dom-zmenil-definiciu-recesie-a-potom-vykazal-falosne-cisla-o-zamestnanosti/,https://virtuse.com/sk/stories/biely-dom-zmenil-definiciu-recesie-a-potom-vykazal-falosne-cisla-o-zamestnanosti/,True,200,True,True
sk,13672,https://blog.virtuse.com/sk/tri-hlavne-prakticke-vyuzitia-bitcoinu-ktore-musite-poznat/,2026-03-10,https://virtuse.com/sk/stories/tri-hlavne-prakticke-vyuzitia-bitcoinu-ktore-musite-poznat/,https://virtuse.com/sk/stories/tri-hlavne-prakticke-vyuzitia-bitcoinu-ktore-musite-poznat/,True,200,True,True
sk,13599,https://blog.virtuse.com/sk/ccc-podcast-s-rastislavom-vasilisinom-virtuse-ceo-cbdcs-budu-najvacsim-globalnym-porusenim-ludskych-prav/,2022-12-04,https://virtuse.com/sk/stories/ccc-podcast-s-rastislavom-vasilisinom-virtuse-ceo-cbdcs-budu-najvacsim-globalnym-porusenim-ludskych-prav/,https://virtuse.com/sk/stories/ccc-podcast-s-rastislavom-vasilisinom-virtuse-ceo-cbdcs-budu-najvacsim-globalnym-porusenim-ludskych-prav/,True,200,True,True
sk,13548,https://blog.virtuse.com/sk/blockfi-je-dalsou-obetou-ftx-kolapsu/,2022-11-23,https://virtuse.com/sk/stories/blockfi-je-dalsou-obetou-ftx-kolapsu/,https://virtuse.com/sk/stories/blockfi-je-dalsou-obetou-ftx-kolapsu/,True,200,True,True
sk,13461,https://blog.virtuse.com/sk/tri-dovody-preco-elon-musk-kupil-twitter/,2022-11-04,https://virtuse.com/sk/stories/tri-dovody-preco-elon-musk-kupil-twitter/,https://virtuse.com/sk/stories/tri-dovody-preco-elon-musk-kupil-twitter/,True,200,True,True
sk,13417,https://blog.virtuse.com/sk/ako-jednoducho-profitovat-z-globalnej-recesie/,2022-10-27,https://virtuse.com/sk/stories/ako-jednoducho-profitovat-z-globalnej-recesie/,https://virtuse.com/sk/stories/ako-jednoducho-profitovat-z-globalnej-recesie/,True,200,True,True
sk,13336,https://blog.virtuse.com/sk/svetove-trhy-sa-prepadaju-okrem-bitcoinu/,2022-10-20,https://virtuse.com/sk/stories/svetove-trhy-sa-prepadaju-okrem-bitcoinu/,https://virtuse.com/sk/stories/svetove-trhy-sa-prepadaju-okrem-bitcoinu/,True,200,True,True
sk,13172,https://blog.virtuse.com/sk/10-presvedceni-bitcoinovych-maximalistov/,2026-03-10,https://virtuse.com/sk/stories/10-presvedceni-bitcoinovych-maximalistov/,https://virtuse.com/sk/stories/10-presvedceni-bitcoinovych-maximalistov/,True,200,True,True
sk,13131,https://blog.virtuse.com/sk/prichadza-najvacsia-zmena-paradigmy-od-internetu/,2026-03-10,https://virtuse.com/sk/stories/prichadza-najvacsia-zmena-paradigmy-od-internetu/,https://virtuse.com/sk/stories/prichadza-najvacsia-zmena-paradigmy-od-internetu/,True,200,True,True
sk,12944,https://blog.virtuse.com/sk/zaujem-firiem-o-bitcoin-neprichadza-uz-prisiel/,2022-09-08,https://virtuse.com/sk/stories/zaujem-firiem-o-bitcoin-neprichadza-uz-prisiel/,https://virtuse.com/sk/stories/zaujem-firiem-o-bitcoin-neprichadza-uz-prisiel/,True,200,True,True
sk,12736,https://blog.virtuse.com/sk/je-dolezite-vediet-co-je-mena-ako-sa-rodi-a-ako-umiera/,2022-07-20,https://virtuse.com/sk/stories/je-dolezite-vediet-co-je-mena-ako-sa-rodi-a-ako-umiera/,https://virtuse.com/sk/stories/je-dolezite-vediet-co-je-mena-ako-sa-rodi-a-ako-umiera/,True,200,True,True
sk,12705,https://blog.virtuse.com/sk/10-moralnych-dovodov-preco-vlastnit-bitcoin/,2026-03-10,https://virtuse.com/sk/stories/10-moralnych-dovodov-preco-vlastnit-bitcoin/,https://virtuse.com/sk/stories/10-moralnych-dovodov-preco-vlastnit-bitcoin/,True,200,True,True
sk,12677,https://blog.virtuse.com/sk/tu-je-dovod-preco-by-ste-mali-prehodnotit-investovanie-do-kryptomien/,2022-07-06,https://virtuse.com/sk/stories/tu-je-dovod-preco-by-ste-mali-prehodnotit-investovanie-do-kryptomien/,https://virtuse.com/sk/stories/tu-je-dovod-preco-by-ste-mali-prehodnotit-investovanie-do-kryptomien/,True,200,True,True
sk,12554,https://blog.virtuse.com/sk/vystrasil-vas-pad-bitcoinu-pozrime-sa-co-hovoria-cisla/,2022-06-15,https://virtuse.com/sk/stories/vystrasil-vas-pad-bitcoinu-pozrime-sa-co-hovoria-cisla/,https://virtuse.com/sk/stories/vystrasil-vas-pad-bitcoinu-pozrime-sa-co-hovoria-cisla/,True,200,True,True
sk,10894,https://blog.virtuse.com/sk/tesla-nie-je-pre-index-esg-sp-500-dostatocne-zelena/,2022-06-15,https://virtuse.com/sk/stories/tesla-nie-je-pre-index-esg-sp-500-dostatocne-zelena/,https://virtuse.com/sk/stories/tesla-nie-je-pre-index-esg-sp-500-dostatocne-zelena/,True,200,True,True
sk,10878,https://blog.virtuse.com/sk/co-je-den-bitcoinovej-pizze/,2026-03-10,https://virtuse.com/sk/stories/co-je-den-bitcoinovej-pizze/,https://virtuse.com/sk/stories/co-je-den-bitcoinovej-pizze/,True,200,True,True
sk,10832,https://blog.virtuse.com/sk/dosledky-rusko-ukrajinskej-vojny-su-ovela-vacsie-ako-si-ludia-uvedomuju/,2022-05-26,https://virtuse.com/sk/stories/dosledky-rusko-ukrajinskej-vojny-su-ovela-vacsie-ako-si-ludia-uvedomuju/,https://virtuse.com/sk/stories/dosledky-rusko-ukrajinskej-vojny-su-ovela-vacsie-ako-si-ludia-uvedomuju/,True,200,True,True
sk,10790,https://blog.virtuse.com/sk/preco-sa-mmf-boji-kryptoizacie/,2022-05-18,https://virtuse.com/sk/stories/preco-sa-mmf-boji-kryptoizacie/,https://virtuse.com/sk/stories/preco-sa-mmf-boji-kryptoizacie/,True,200,True,True
sk,10729,https://blog.virtuse.com/sk/preco-by-ste-si-nemali-kupovat-bitcoin/,2022-05-05,https://virtuse.com/sk/stories/preco-by-ste-si-nemali-kupovat-bitcoin/,https://virtuse.com/sk/stories/preco-by-ste-si-nemali-kupovat-bitcoin/,True,200,True,True
sk,10689,https://blog.virtuse.com/sk/investori-sa-odmietaju-zbavovat-bitcoinov/,2022-04-28,https://virtuse.com/sk/stories/investori-sa-odmietaju-zbavovat-bitcoinov/,https://virtuse.com/sk/stories/investori-sa-odmietaju-zbavovat-bitcoinov/,True,200,True,True
sk,10662,https://blog.virtuse.com/sk/studia-ktora-spaja-fanusikov-bitcoinu-so-psychopatmi-je-prilis-povrchna/,2022-04-25,https://virtuse.com/sk/stories/studia-ktora-spaja-fanusikov-bitcoinu-so-psychopatmi-je-prilis-povrchna/,https://virtuse.com/sk/stories/studia-ktora-spaja-fanusikov-bitcoinu-so-psychopatmi-je-prilis-povrchna/,True,200,True,True
sk,10611,https://blog.virtuse.com/sk/najlepsi-sposob-ako-reagovat-pocas-volatilnych-trhov/,2022-04-12,https://virtuse.com/sk/stories/najlepsi-sposob-ako-reagovat-pocas-volatilnych-trhov/,https://virtuse.com/sk/stories/najlepsi-sposob-ako-reagovat-pocas-volatilnych-trhov/,True,200,True,True
sk,10580,https://blog.virtuse.com/sk/preco-cena-bitcoinu-v-nedelu-vystrelila/,2022-03-30,https://virtuse.com/sk/stories/preco-cena-bitcoinu-v-nedelu-vystrelila/,https://virtuse.com/sk/stories/preco-cena-bitcoinu-v-nedelu-vystrelila/,True,200,True,True
sk,10538,https://blog.virtuse.com/sk/ako-sa-pripravit-na-recesiu/,2022-03-23,https://virtuse.com/sk/stories/ako-sa-pripravit-na-recesiu/,https://virtuse.com/sk/stories/ako-sa-pripravit-na-recesiu/,True,200,True,True
sk,10479,https://blog.virtuse.com/sk/oddelenie-penazi-a-statu-je-nevyhnutne/,2022-03-16,https://virtuse.com/sk/stories/oddelenie-penazi-a-statu-je-nevyhnutne/,https://virtuse.com/sk/stories/oddelenie-penazi-a-statu-je-nevyhnutne/,True,200,True,True
sk,10379,https://blog.virtuse.com/sk/ukrajinci-po-%e2%80%8b%e2%80%8binvazii-profituju-z-kryptomien/,2022-03-09,https://virtuse.com/sk/stories/10379/,https://virtuse.com/sk/stories/10379/,True,200,True,True
sk,10265,https://blog.virtuse.com/sk/ruska-ekonomika-z-invazie-aj-profituje/,2022-03-07,https://virtuse.com/sk/stories/ruska-ekonomika-z-invazie-aj-profituje/,https://virtuse.com/sk/stories/ruska-ekonomika-z-invazie-aj-profituje/,True,200,True,True
sk,10200,https://blog.virtuse.com/sk/investovanie-do-krypto-firiem-na-historickom-rekorde/,2022-02-23,https://virtuse.com/sk/stories/investovanie-do-krypto-firiem-na-historickom-rekorde/,https://virtuse.com/sk/stories/investovanie-do-krypto-firiem-na-historickom-rekorde/,True,200,True,True
sk,10198,https://blog.virtuse.com/sk/preco-je-vojna-na-ukrajine-neodvratna-ako-to-ovplyvni-trhy/,2022-02-23,https://virtuse.com/sk/stories/preco-je-vojna-na-ukrajine-neodvratna-ako-to-ovplyvni-trhy/,https://virtuse.com/sk/stories/preco-je-vojna-na-ukrajine-neodvratna-ako-to-ovplyvni-trhy/,True,200,True,True
sk,10041,https://blog.virtuse.com/sk/manzelsky-par-bol-obvineny-z-prania-spinavych-penazi-v-hodnote-36-miliardy-dolarov-v-bitcoinoch/,2022-02-21,https://virtuse.com/sk/stories/manzelsky-par-bol-obvineny-z-prania-spinavych-penazi-v-hodnote-36-miliardy-dolarov-v-bitcoinoch/,https://virtuse.com/sk/stories/manzelsky-par-bol-obvineny-z-prania-spinavych-penazi-v-hodnote-36-miliardy-dolarov-v-bitcoinoch/,True,200,True,True
sk,10037,https://blog.virtuse.com/sk/sankcie-proti-rusku-su-pre-bitcoin-najlepsou-marketingovou-kampanou/,2022-02-21,https://virtuse.com/sk/stories/sankcie-proti-rusku-su-pre-bitcoin-najlepsou-marketingovou-kampanou/,https://virtuse.com/sk/stories/sankcie-proti-rusku-su-pre-bitcoin-najlepsou-marketingovou-kampanou/,True,200,True,True
sk,9968,https://blog.virtuse.com/sk/regulacia-cien-je-uplne-pomylene-riesenie-pre-inflaciu/,2022-02-09,https://virtuse.com/sk/stories/regulacia-cien-je-uplne-pomylene-riesenie-pre-inflaciu/,https://virtuse.com/sk/stories/regulacia-cien-je-uplne-pomylene-riesenie-pre-inflaciu/,True,200,True,True
sk,9928,https://blog.virtuse.com/sk/byt-investicnym-skeptikom-sa-neoplati/,2022-02-09,https://virtuse.com/sk/stories/byt-investicnym-skeptikom-sa-neoplati/,https://virtuse.com/sk/stories/byt-investicnym-skeptikom-sa-neoplati/,True,200,True,True
sk,9867,https://blog.virtuse.com/sk/co-sa-deje-s-bitcoinom/,2022-01-27,https://virtuse.com/sk/stories/co-sa-deje-s-bitcoinom/,https://virtuse.com/sk/stories/co-sa-deje-s-bitcoinom/,True,200,True,True
sk,9827,https://blog.virtuse.com/sk/10-odvaznych-predpovedi-na-rok-2022-pre-ochranu-vasho-majetku/,2022-01-26,https://virtuse.com/sk/stories/10-odvaznych-predpovedi-na-rok-2022-pre-ochranu-vasho-majetku/,https://virtuse.com/sk/stories/10-odvaznych-predpovedi-na-rok-2022-pre-ochranu-vasho-majetku/,True,200,True,True
sk,10048,https://blog.virtuse.com/sk/kto-vlastni-web3/,2022-02-21,https://virtuse.com/sk/stories/kto-vlastni-web3/,https://virtuse.com/sk/stories/kto-vlastni-web3/,True,200,True,True
sk,9781,https://blog.virtuse.com/sk/odkial-pochadza-slovo-peniaze-ras-vasilisin/,2026-03-11,https://virtuse.com/sk/stories/odkial-pochadza-slovo-peniaze-ras-vasilisin/,https://virtuse.com/sk/stories/odkial-pochadza-slovo-peniaze-ras-vasilisin/,True,200,True,True
sk,9773,https://blog.virtuse.com/sk/5-investicnych-lekcii-za-poslednych-11-rokov-ras-vasilisin/,2026-03-11,https://virtuse.com/sk/stories/5-investicnych-lekcii-za-poslednych-11-rokov-ras-vasilisin/,https://virtuse.com/sk/stories/5-investicnych-lekcii-za-poslednych-11-rokov-ras-vasilisin/,True,200,True,True
sk,9746,https://blog.virtuse.com/sk/15-dovodov-preco-vlastnit-bitcoin-v-roku-2022-ras-vasilisin/,2022-01-18,https://virtuse.com/sk/stories/15-dovodov-preco-vlastnit-bitcoin-v-roku-2022-ras-vasilisin/,https://virtuse.com/sk/stories/15-dovodov-preco-vlastnit-bitcoin-v-roku-2022-ras-vasilisin/,True,200,True,True
sk,10196,https://blog.virtuse.com/sk/ovplyvnia-nedavne-udalosti-v-kazachstane-tazbu-bitcoinu/,2022-02-23,https://virtuse.com/sk/stories/ovplyvnia-nedavne-udalosti-v-kazachstane-tazbu-bitcoinu/,https://virtuse.com/sk/stories/ovplyvnia-nedavne-udalosti-v-kazachstane-tazbu-bitcoinu/,True,200,True,True
sk,10186,https://blog.virtuse.com/sk/ak-chcete-zbohatnut-prestante-sledovat-media/,2022-02-23,https://virtuse.com/sk/stories/ak-chcete-zbohatnut-prestante-sledovat-media/,https://virtuse.com/sk/stories/ak-chcete-zbohatnut-prestante-sledovat-media/,True,200,True,True
sk,9717,https://blog.virtuse.com/sk/bitcoin-nekotroluje-par-jednotlivcov-ako-media-tvrdia-ras-vasilisin/,2022-01-13,https://virtuse.com/sk/stories/bitcoin-nekotroluje-par-jednotlivcov-ako-media-tvrdia-ras-vasilisin/,https://virtuse.com/sk/stories/bitcoin-nekotroluje-par-jednotlivcov-ako-media-tvrdia-ras-vasilisin/,True,200,True,True
sk,9636,https://blog.virtuse.com/sk/kryptobanky-su-novodoby-fenomen-prinasaju-aj-riziko/,2022-02-23,https://virtuse.com/sk/stories/kryptobanky-su-novodoby-fenomen-prinasaju-aj-riziko/,https://virtuse.com/sk/stories/kryptobanky-su-novodoby-fenomen-prinasaju-aj-riziko/,True,200,True,True
sk,9618,https://blog.virtuse.com/sk/7-novych-miliardarov-na-forbes-400-ras-vasilisin/,2021-12-30,https://virtuse.com/sk/stories/7-novych-miliardarov-na-forbes-400-ras-vasilisin/,https://virtuse.com/sk/stories/7-novych-miliardarov-na-forbes-400-ras-vasilisin/,True,200,True,True
sk,9363,https://blog.virtuse.com/sk/od-zaciatku-lockdownov-ubehli-uz-takmer-dva-roky-ras-vasilisin/,2021-12-09,https://virtuse.com/sk/stories/od-zaciatku-lockdownov-ubehli-uz-takmer-dva-roky-ras-vasilisin/,https://virtuse.com/sk/stories/od-zaciatku-lockdownov-ubehli-uz-takmer-dva-roky-ras-vasilisin/,True,200,True,True
sk,9335,https://blog.virtuse.com/sk/ako-sa-vysporiadat-s-volatilitou-bitcoinu/,2026-03-11,https://virtuse.com/sk/stories/ako-sa-vysporiadat-s-volatilitou-bitcoinu/,https://virtuse.com/sk/stories/ako-sa-vysporiadat-s-volatilitou-bitcoinu/,True,200,True,True
sk,9278,https://blog.virtuse.com/sk/slon-v-miestnosti-centralne-banky-tlacia-neumerne-mnozstvo-penazi-ras-vasilisin/,2021-11-22,https://virtuse.com/sk/stories/slon-v-miestnosti-centralne-banky-tlacia-neumerne-mnozstvo-penazi-ras-vasilisin/,https://virtuse.com/sk/stories/slon-v-miestnosti-centralne-banky-tlacia-neumerne-mnozstvo-penazi-ras-vasilisin/,True,200,True,True
sk,9091,https://blog.virtuse.com/sk/metaverse-moze-nastartovat-svetovu-ekonomiku-ras-vasilisin/,2021-11-19,https://virtuse.com/sk/stories/metaverse-moze-nastartovat-svetovu-ekonomiku-ras-vasilisin/,https://virtuse.com/sk/stories/metaverse-moze-nastartovat-svetovu-ekonomiku-ras-vasilisin/,True,200,True,True
sk,8958,https://blog.virtuse.com/sk/vsetko-dobre-zle-a-skarede-o-bitcoinovom-etf-ras-vasilisin/,2021-11-03,https://virtuse.com/sk/stories/vsetko-dobre-zle-a-skarede-o-bitcoinovom-etf-ras-vasilisin/,https://virtuse.com/sk/stories/vsetko-dobre-zle-a-skarede-o-bitcoinovom-etf-ras-vasilisin/,True,200,True,True
sk,5891,https://blog.virtuse.com/sk/ako-investovat-ked-vam-usiel-vlak/,2021-10-22,https://virtuse.com/sk/stories/ako-investovat-ked-vam-usiel-vlak/,https://virtuse.com/sk/stories/ako-investovat-ked-vam-usiel-vlak/,True,200,True,True
sk,8827,https://blog.virtuse.com/sk/nft-budu-vacsie-ako-si-myslite-ras-vasilisin/,2021-11-19,https://virtuse.com/sk/stories/nft-budu-vacsie-ako-si-myslite-ras-vasilisin/,https://virtuse.com/sk/stories/nft-budu-vacsie-ako-si-myslite-ras-vasilisin/,True,200,True,True
sk,8614,https://blog.virtuse.com/sk/najdolezitejsia-lekcia-ktoru-som-sa-naucil-z-cinskeho-krypto-zakazu-ras-vasilisin/,2021-11-19,https://virtuse.com/sk/stories/najdolezitejsia-lekcia-ktoru-som-sa-naucil-z-cinskeho-krypto-zakazu-ras-vasilisin/,https://virtuse.com/sk/stories/najdolezitejsia-lekcia-ktoru-som-sa-naucil-z-cinskeho-krypto-zakazu-ras-vasilisin/,True,200,True,True
sk,8497,https://blog.virtuse.com/sk/preco-sa-teraz-oplati-investovat-do-bitcoinu-ras-vasilisin/,2021-11-19,https://virtuse.com/sk/stories/preco-sa-teraz-oplati-investovat-do-bitcoinu-ras-vasilisin/,https://virtuse.com/sk/stories/preco-sa-teraz-oplati-investovat-do-bitcoinu-ras-vasilisin/,True,200,True,True
sk,8466,https://blog.virtuse.com/sk/co-maju-spolocne-covid-19-a-bitcoin/,2021-10-12,https://virtuse.com/sk/stories/co-maju-spolocne-covid-19-a-bitcoin/,https://virtuse.com/sk/stories/co-maju-spolocne-covid-19-a-bitcoin/,True,200,True,True
sk,8379,https://blog.virtuse.com/sk/tri-sposoby-ako-media-bagatelizuju-inflaciu-ras-vasilisin/,2026-03-11,https://virtuse.com/sk/stories/tri-sposoby-ako-media-bagatelizuju-inflaciu-ras-vasilisin/,https://virtuse.com/sk/stories/tri-sposoby-ako-media-bagatelizuju-inflaciu-ras-vasilisin/,True,200,True,True
sk,8303,https://blog.virtuse.com/sk/dosledky-absolutnej-moci-centralnych-bank-ras-vasilisin/,2026-03-11,https://virtuse.com/sk/stories/dosledky-absolutnej-moci-centralnych-bank-ras-vasilisin/,https://virtuse.com/sk/stories/dosledky-absolutnej-moci-centralnych-bank-ras-vasilisin/,True,200,True,True
sk,8147,https://blog.virtuse.com/sk/bitcoin-za-100-milionov-fidelity-to-vidi-realne/,2021-09-15,https://virtuse.com/sk/stories/bitcoin-za-100-milionov-fidelity-to-vidi-realne/,https://virtuse.com/sk/stories/bitcoin-za-100-milionov-fidelity-to-vidi-realne/,True,200,True,True
sk,7875,https://blog.virtuse.com/sk/v-afganistane-konci-aj-western-union-pre-trpiace-obyvatelstvo-je-to-dalsi-uder-pod-pas/,2021-08-24,https://virtuse.com/sk/stories/v-afganistane-konci-aj-western-union-pre-trpiace-obyvatelstvo-je-to-dalsi-uder-pod-pas/,https://virtuse.com/sk/stories/v-afganistane-konci-aj-western-union-pre-trpiace-obyvatelstvo-je-to-dalsi-uder-pod-pas/,True,200,True,True
sk,7681,https://blog.virtuse.com/sk/slova-maju-svoje-definicie-a-manipulacia-a-zmena-vyznamu-sa-nazyva-jednoducho-klamstvom/,2026-03-11,https://virtuse.com/sk/stories/slova-maju-svoje-definicie-a-manipulacia-a-zmena-vyznamu-sa-nazyva-jednoducho-klamstvom/,https://virtuse.com/sk/stories/slova-maju-svoje-definicie-a-manipulacia-a-zmena-vyznamu-sa-nazyva-jednoducho-klamstvom/,True,200,True,True
sk,7770,https://blog.virtuse.com/sk/gold-vs-bitcoin-which-was-better-inflation-hedge/,2021-08-16,https://virtuse.com/sk/stories/gold-vs-bitcoin-which-was-better-inflation-hedge/,https://virtuse.com/sk/stories/gold-vs-bitcoin-which-was-better-inflation-hedge/,True,200,True,True
sk,7617,https://blog.virtuse.com/sk/banks-adopt-bitcoin-for-all-wrong-reasons/,2026-03-11,https://virtuse.com/sk/stories/banks-adopt-bitcoin-for-all-wrong-reasons/,https://virtuse.com/sk/stories/banks-adopt-bitcoin-for-all-wrong-reasons/,True,200,True,True
sk,8228,https://blog.virtuse.com/sk/co-potrebujete-vediet-o-digitalnom-eure-pre-sukromie-moze-byt-katastrofou/,2026-03-11,https://virtuse.com/sk/stories/co-potrebujete-vediet-o-digitalnom-eure-pre-sukromie-moze-byt-katastrofou/,https://virtuse.com/sk/stories/co-potrebujete-vediet-o-digitalnom-eure-pre-sukromie-moze-byt-katastrofou/,True,200,True,True
sk,8232,https://blog.virtuse.com/sk/ako-menove-politiky-ovplyvnuju-nasu-buducnost-bohati-stale-bohatnu-2/,2021-11-19,https://virtuse.com/sk/stories/ako-menove-politiky-ovplyvnuju-nasu-buducnost-bohati-stale-bohatnu-2/,https://virtuse.com/sk/stories/ako-menove-politiky-ovplyvnuju-nasu-buducnost-bohati-stale-bohatnu-2/,True,200,True,True
sk,7245,https://blog.virtuse.com/sk/bitcoin-over-bonds-dalio-prefers-bitcoin-to-bonds/,2021-06-02,https://virtuse.com/sk/stories/bitcoin-over-bonds-dalio-prefers-bitcoin-to-bonds/,https://virtuse.com/sk/stories/bitcoin-over-bonds-dalio-prefers-bitcoin-to-bonds/,True,200,True,True
sk,7141,https://blog.virtuse.com/sk/heres-how-the-legends-view-volatility/,2026-03-11,https://virtuse.com/sk/stories/heres-how-the-legends-view-volatility/,https://virtuse.com/sk/stories/heres-how-the-legends-view-volatility/,True,200,True,True
sk,7248,https://blog.virtuse.com/sk/what-elon-gets-wrong-about-bitcoins-carbon-footprint/,2021-06-02,https://virtuse.com/sk/stories/what-elon-gets-wrong-about-bitcoins-carbon-footprint/,https://virtuse.com/sk/stories/what-elon-gets-wrong-about-bitcoins-carbon-footprint/,True,200,True,True
sk,7077,https://blog.virtuse.com/sk/last-chance-to-buy-tesla/,2021-05-06,https://virtuse.com/sk/stories/last-chance-to-buy-tesla/,https://virtuse.com/sk/stories/last-chance-to-buy-tesla/,True,200,True,True
sk,7062,https://blog.virtuse.com/sk/dont-waste-your-time-investing-if-you-dont-have-these-5-essential-qualities/,2021-05-06,https://virtuse.com/sk/stories/dont-waste-your-time-investing-if-you-dont-have-these-5-essential-qualities/,https://virtuse.com/sk/stories/dont-waste-your-time-investing-if-you-dont-have-these-5-essential-qualities/,True,200,True,True
sk,7049,https://blog.virtuse.com/sk/half-of-the-worlds-wealth-is-about-to-lose-most-of-its-value/,2026-03-11,https://virtuse.com/sk/stories/half-of-the-worlds-wealth-is-about-to-lose-most-of-its-value/,https://virtuse.com/sk/stories/half-of-the-worlds-wealth-is-about-to-lose-most-of-its-value/,True,200,True,True
sk,6859,https://blog.virtuse.com/sk/what-is-the-best-use-of-your-time-in-a-lockdown/,2021-04-19,https://virtuse.com/sk/stories/what-is-the-best-use-of-your-time-in-a-lockdown/,https://virtuse.com/sk/stories/what-is-the-best-use-of-your-time-in-a-lockdown/,True,200,True,True
sk,6865,https://blog.virtuse.com/sk/nothing-can-stop-bitcoin-not-even-governments/,2026-03-11,https://virtuse.com/sk/stories/nothing-can-stop-bitcoin-not-even-governments/,https://virtuse.com/sk/stories/nothing-can-stop-bitcoin-not-even-governments/,True,200,True,True
sk,6825,https://blog.virtuse.com/sk/tri-moznosti-ako-najlepsie-pouzit-bitcoin/,2021-04-14,https://virtuse.com/sk/stories/tri-moznosti-ako-najlepsie-pouzit-bitcoin/,https://virtuse.com/sk/stories/tri-moznosti-ako-najlepsie-pouzit-bitcoin/,True,200,True,True
sk,6550,https://blog.virtuse.com/sk/heres-what-will-happen-to-your-money-soon/,2021-03-30,https://virtuse.com/sk/stories/heres-what-will-happen-to-your-money-soon/,https://virtuse.com/sk/stories/heres-what-will-happen-to-your-money-soon/,True,200,True,True
sk,6414,https://blog.virtuse.com/sk/top-8-powerful-lessons-lockdown-has-taught-me/,2021-03-17,https://virtuse.com/sk/stories/top-8-powerful-lessons-lockdown-has-taught-me/,https://virtuse.com/sk/stories/top-8-powerful-lessons-lockdown-has-taught-me/,True,200,True,True
sk,6405,https://blog.virtuse.com/sk/bankovy-system-je-navrhnuty-tak-aby-vas-z-investovania-vylucil-2/,2022-09-09,https://virtuse.com/sk/stories/bankovy-system-je-navrhnuty-tak-aby-vas-z-investovania-vylucil-2/,https://virtuse.com/sk/stories/bankovy-system-je-navrhnuty-tak-aby-vas-z-investovania-vylucil-2/,True,200,True,True
sk,6389,https://blog.virtuse.com/sk/sedem-vzorcov-exponencialneho-zisku/,2026-03-11,https://virtuse.com/sk/stories/sedem-vzorcov-exponencialneho-zisku/,https://virtuse.com/sk/stories/sedem-vzorcov-exponencialneho-zisku/,True,200,True,True
sk,6375,https://blog.virtuse.com/sk/ruky-prec-od-dlhopisov/,2026-03-11,https://virtuse.com/sk/stories/ruky-prec-od-dlhopisov/,https://virtuse.com/sk/stories/ruky-prec-od-dlhopisov/,True,200,True,True
sk,5983,https://blog.virtuse.com/sk/do-roku-2023-mozete-na-akciach-zarabat-aj-so-zatvorenymi-ocami/,2021-02-25,https://virtuse.com/sk/stories/do-roku-2023-mozete-na-akciach-zarabat-aj-so-zatvorenymi-ocami/,https://virtuse.com/sk/stories/do-roku-2023-mozete-na-akciach-zarabat-aj-so-zatvorenymi-ocami/,True,200,True,True
sk,5977,https://blog.virtuse.com/sk/pat-investicnych-lekcii-ktore-som-si-vzal-z-minuleho-desatrocia/,2026-03-11,https://virtuse.com/sk/stories/pat-investicnych-lekcii-ktore-som-si-vzal-z-minuleho-desatrocia/,https://virtuse.com/sk/stories/pat-investicnych-lekcii-ktore-som-si-vzal-z-minuleho-desatrocia/,True,200,True,True
sk,5812,https://blog.virtuse.com/sk/gamestop-je-financny-protest-proti-globalnemu-financnemu-systemu/,2021-02-03,https://virtuse.com/sk/stories/gamestop-je-financny-protest-proti-globalnemu-financnemu-systemu/,https://virtuse.com/sk/stories/gamestop-je-financny-protest-proti-globalnemu-financnemu-systemu/,True,200,True,True
sk,5810,https://blog.virtuse.com/sk/7-vzorcov-exponencialneho-zisku/,2021-02-03,https://virtuse.com/sk/stories/7-vzorcov-exponencialneho-zisku/,https://virtuse.com/sk/stories/7-vzorcov-exponencialneho-zisku/,True,200,True,True
sk,5806,https://blog.virtuse.com/sk/financna-gramotnost-a-bitcoin-su-klucom-k-ochrane-bohatstva/,2021-02-03,https://virtuse.com/sk/stories/financna-gramotnost-a-bitcoin-su-klucom-k-ochrane-bohatstva/,https://virtuse.com/sk/stories/financna-gramotnost-a-bitcoin-su-klucom-k-ochrane-bohatstva/,True,200,True,True
sk,5802,https://blog.virtuse.com/sk/skuste-tieto-zivotne-triky-a-budete-mat-uspesny-rok/,2021-02-03,https://virtuse.com/sk/stories/skuste-tieto-zivotne-triky-a-budete-mat-uspesny-rok/,https://virtuse.com/sk/stories/skuste-tieto-zivotne-triky-a-budete-mat-uspesny-rok/,True,200,True,True
sk,5650,https://blog.virtuse.com/sk/ako-sa-zbavit-syndromu-fomo-a-este-na-tom-zarobit/,2021-02-01,https://virtuse.com/sk/stories/ako-sa-zbavit-syndromu-fomo-a-este-na-tom-zarobit/,https://virtuse.com/sk/stories/ako-sa-zbavit-syndromu-fomo-a-este-na-tom-zarobit/,True,200,True,True
sk,5627,https://blog.virtuse.com/sk/bitcoin-sa-stal-najvacsou-financnou-spolocnostou-na-svete-2/,2021-01-12,https://virtuse.com/sk/stories/bitcoin-sa-stal-najvacsou-financnou-spolocnostou-na-svete-2/,https://virtuse.com/sk/stories/bitcoin-sa-stal-najvacsou-financnou-spolocnostou-na-svete-2/,True,200,True,True
sk,5613,https://blog.virtuse.com/sk/desat-odvaznych-prognoz-na-rok-2021-pre-ochranu-vasho-majetku/,2021-09-09,https://virtuse.com/sk/stories/desat-odvaznych-prognoz-na-rok-2021-pre-ochranu-vasho-majetku/,https://virtuse.com/sk/stories/desat-odvaznych-prognoz-na-rok-2021-pre-ochranu-vasho-majetku/,True,200,True,True
sk,5611,https://blog.virtuse.com/sk/pripravi-bitcoin-zlato-o-slavu/,2021-01-08,https://virtuse.com/sk/stories/pripravi-bitcoin-zlato-o-slavu/,https://virtuse.com/sk/stories/pripravi-bitcoin-zlato-o-slavu/,True,200,True,True
sk,5609,https://blog.virtuse.com/sk/3-dovody-preco-sa-nebat-padu-bitcoinu/,2021-01-08,https://virtuse.com/sk/stories/3-dovody-preco-sa-nebat-padu-bitcoinu/,https://virtuse.com/sk/stories/3-dovody-preco-sa-nebat-padu-bitcoinu/,True,200,True,True
sk,5388,https://blog.virtuse.com/sk/pri-investovani-vas-k-velkym-peniazom-privedu-aj-male-sumy-2/,2026-03-11,https://virtuse.com/sk/stories/pri-investovani-vas-k-velkym-peniazom-privedu-aj-male-sumy-2/,https://virtuse.com/sk/stories/pri-investovani-vas-k-velkym-peniazom-privedu-aj-male-sumy-2/,True,200,True,True
sk,5386,https://blog.virtuse.com/sk/15-bycich-institucii-na-wall-street-ktore-kupuju-bitcoin/,2020-12-03,https://virtuse.com/sk/stories/15-bycich-institucii-na-wall-street-ktore-kupuju-bitcoin/,https://virtuse.com/sk/stories/15-bycich-institucii-na-wall-street-ktore-kupuju-bitcoin/,True,200,True,True
sk,5384,https://blog.virtuse.com/sk/digitalne-meny-centralnych-bank-a-bretton-woods-moment/,2020-12-03,https://virtuse.com/sk/stories/digitalne-meny-centralnych-bank-a-bretton-woods-moment/,https://virtuse.com/sk/stories/digitalne-meny-centralnych-bank-a-bretton-woods-moment/,True,200,True,True
sk,5382,https://blog.virtuse.com/sk/23-dovodov-preco-kupovat-bitcoin/,2021-04-21,https://virtuse.com/sk/stories/23-dovodov-preco-kupovat-bitcoin/,https://virtuse.com/sk/stories/23-dovodov-preco-kupovat-bitcoin/,True,200,True,True
sk,5345,https://blog.virtuse.com/sk/osem-investicnych-strategii-ktore-by-ste-si-mali-osvojit-este-dnes-2/,2020-11-29,https://virtuse.com/sk/stories/osem-investicnych-strategii-ktore-by-ste-si-mali-osvojit-este-dnes-2/,https://virtuse.com/sk/stories/osem-investicnych-strategii-ktore-by-ste-si-mali-osvojit-este-dnes-2/,True,200,True,True
sk,4946,https://blog.virtuse.com/sk/5-rad-od-zakladatela-najvacsieho-hedzoveho-fondu-na-svete/,2020-10-06,https://virtuse.com/sk/stories/5-rad-od-zakladatela-najvacsieho-hedzoveho-fondu-na-svete/,https://virtuse.com/sk/stories/5-rad-od-zakladatela-najvacsieho-hedzoveho-fondu-na-svete/,True,200,True,True
sk,4786,https://blog.virtuse.com/sk/stane-sa-z-defi-bankovy-predator/,2020-10-22,https://virtuse.com/sk/stories/stane-sa-z-defi-bankovy-predator/,https://virtuse.com/sk/stories/stane-sa-z-defi-bankovy-predator/,True,200,True,True
sk,4784,https://blog.virtuse.com/sk/buffet-otocil-strategiu-o-180-stupnov-vie-nieco-viac/,2020-09-17,https://virtuse.com/sk/stories/buffet-otocil-strategiu-o-180-stupnov-vie-nieco-viac/,https://virtuse.com/sk/stories/buffet-otocil-strategiu-o-180-stupnov-vie-nieco-viac/,True,200,True,True
sk,4728,https://blog.virtuse.com/sk/tieto-3-aktiva-vas-ochrania-pred-inflaciou/,2020-08-27,https://virtuse.com/sk/stories/tieto-3-aktiva-vas-ochrania-pred-inflaciou/,https://virtuse.com/sk/stories/tieto-3-aktiva-vas-ochrania-pred-inflaciou/,True,200,True,True
sk,4730,https://blog.virtuse.com/sk/obrnte-sa-touto-strategiou-a-stanete-sa-milionarmi/,2021-03-24,https://virtuse.com/sk/stories/obrnte-sa-touto-strategiou-a-stanete-sa-milionarmi/,https://virtuse.com/sk/stories/obrnte-sa-touto-strategiou-a-stanete-sa-milionarmi/,True,200,True,True
sk,4519,https://blog.virtuse.com/sk/30-citatov-o-bitcoine-od-slavnych-ludi/,2020-07-22,https://virtuse.com/sk/stories/30-citatov-o-bitcoine-od-slavnych-ludi/,https://virtuse.com/sk/stories/30-citatov-o-bitcoine-od-slavnych-ludi/,True,200,True,True
sk,4450,https://blog.virtuse.com/sk/10-prikazani-od-velikanov-ktore-zmenia-vas-pohlad-na-investovanie/,2020-07-30,https://virtuse.com/sk/stories/10-prikazani-od-velikanov-ktore-zmenia-vas-pohlad-na-investovanie/,https://virtuse.com/sk/stories/10-prikazani-od-velikanov-ktore-zmenia-vas-pohlad-na-investovanie/,True,200,True,True
sk,4408,https://blog.virtuse.com/sk/18-krutych-pravd-o-korona-recesii-o-ktorych-by-ste-mali-vediet/,2020-07-02,https://virtuse.com/sk/stories/18-krutych-pravd-o-korona-recesii-o-ktorych-by-ste-mali-vediet/,https://virtuse.com/sk/stories/18-krutych-pravd-o-korona-recesii-o-ktorych-by-ste-mali-vediet/,True,200,True,True
sk,4353,https://blog.virtuse.com/sk/bitcoin-ako-poistka-voci-chaosu/,2020-06-30,https://virtuse.com/sk/stories/bitcoin-ako-poistka-voci-chaosu/,https://virtuse.com/sk/stories/bitcoin-ako-poistka-voci-chaosu/,True,200,True,True
sk,4313,https://blog.virtuse.com/sk/na-konci-tlacenia-penazi-pridu-nepokoje-a-vytrznosti/,2020-06-26,https://virtuse.com/sk/stories/na-konci-tlacenia-penazi-pridu-nepokoje-a-vytrznosti/,https://virtuse.com/sk/stories/na-konci-tlacenia-penazi-pridu-nepokoje-a-vytrznosti/,True,200,True,True
sk,3978,https://blog.virtuse.com/sk/ako-prijat-strach-v-investovani-2/,2020-05-22,https://virtuse.com/sk/stories/ako-prijat-strach-v-investovani-2/,https://virtuse.com/sk/stories/ako-prijat-strach-v-investovani-2/,True,200,True,True
sk,4078,https://blog.virtuse.com/sk/bitcoin-a-zlato-proti-krize/,2020-06-02,https://virtuse.com/sk/stories/bitcoin-a-zlato-proti-krize/,https://virtuse.com/sk/stories/bitcoin-a-zlato-proti-krize/,True,200,True,True
sk,4169,https://blog.virtuse.com/sk/damoklov-mec-nad-financnymi-trhmi/,2020-06-15,https://virtuse.com/sk/stories/damoklov-mec-nad-financnymi-trhmi/,https://virtuse.com/sk/stories/damoklov-mec-nad-financnymi-trhmi/,True,200,True,True
sk,4176,https://blog.virtuse.com/sk/co-pomoze-privatnym-klientom-ked-pride-kriza/,2020-07-07,https://virtuse.com/sk/stories/co-pomoze-privatnym-klientom-ked-pride-kriza/,https://virtuse.com/sk/stories/co-pomoze-privatnym-klientom-ked-pride-kriza/,True,200,True,True
sk,4456,https://blog.virtuse.com/sk/piaty-element-alebo-pat-sposobov-ako-porozumiet-bitcoinu/,2020-07-16,https://virtuse.com/sk/stories/piaty-element-alebo-pat-sposobov-ako-porozumiet-bitcoinu/,https://virtuse.com/sk/stories/piaty-element-alebo-pat-sposobov-ako-porozumiet-bitcoinu/,True,200,True,True
sk,4216,https://blog.virtuse.com/sk/4216/,2020-06-15,https://virtuse.com/sk/stories/4216/,https://virtuse.com/sk/stories/4216/,True,200,True,True
sk,4208,https://blog.virtuse.com/sk/zhodnotenie-bitcoinu-je-neodvratne-rovnako-ako-aj-potreba-prerodu-sucasneho-financneho-sveta/,2020-06-15,https://virtuse.com/sk/stories/zhodnotenie-bitcoinu-je-neodvratne-rovnako-ako-aj-potreba-prerodu-sucasneho-financneho-sveta/,https://virtuse.com/sk/stories/zhodnotenie-bitcoinu-je-neodvratne-rovnako-ako-aj-potreba-prerodu-sucasneho-financneho-sveta/,True,200,True,True
sk,1463,https://blog.virtuse.com/sk/najtemnejsie-byva-vzdy-pred-usvitom-alebo-5-dovodov-preco-investovat-do-komodit/,2020-05-22,https://virtuse.com/sk/stories/najtemnejsie-byva-vzdy-pred-usvitom-alebo-5-dovodov-preco-investovat-do-komodit/,https://virtuse.com/sk/stories/najtemnejsie-byva-vzdy-pred-usvitom-alebo-5-dovodov-preco-investovat-do-komodit/,True,200,True,True
sk,4196,https://blog.virtuse.com/sk/bitcoin-etf-ako-chvost-ktory-vrti-psom-dufajme-ze-nie/,2020-06-15,https://virtuse.com/sk/stories/bitcoin-etf-ako-chvost-ktory-vrti-psom-dufajme-ze-nie/,https://virtuse.com/sk/stories/bitcoin-etf-ako-chvost-ktory-vrti-psom-dufajme-ze-nie/,True,200,True,True
sk,4189,https://blog.virtuse.com/sk/krypto-otvara-nove-moznosti-pre-obchodovanie-s-komoditami/,2020-06-15,https://virtuse.com/sk/stories/krypto-otvara-nove-moznosti-pre-obchodovanie-s-komoditami/,https://virtuse.com/sk/stories/krypto-otvara-nove-moznosti-pre-obchodovanie-s-komoditami/,True,200,True,True
sk,4183,https://blog.virtuse.com/sk/sloni-syndrom-opantal-krypto-trhy-vymanime-sa-z-okov-minulosti/,2020-06-15,https://virtuse.com/sk/stories/sloni-syndrom-opantal-krypto-trhy-vymanime-sa-z-okov-minulosti/,https://virtuse.com/sk/stories/sloni-syndrom-opantal-krypto-trhy-vymanime-sa-z-okov-minulosti/,True,200,True,True
ru,15058,https://blog.virtuse.com/ru/%d0%be%d0%bd%d0%b8-%d0%bd%d0%b5-%d0%bf%d0%b5%d1%80%d0%b5%d1%81%d1%82%d0%b0%d0%bd%d1%83%d1%82-%d0%bf%d0%b5%d1%87%d0%b0%d1%82%d0%b0%d1%82%d1%8c-%d0%b4%d0%b5%d0%bd%d1%8c%d0%b3%d0%b8-%d0%bf/,2026-09-03,https://virtuse.com/ru/stories/15058/,https://virtuse.com/ru/stories/15058/,True,200,True,True
ru,15056,https://blog.virtuse.com/ru/%d1%85%d0%b2%d0%b0%d1%82%d0%b8%d1%82-%d0%b3%d0%b0%d0%b4%d0%b0%d1%82%d1%8c-%d1%81%d0%be-%d1%81%d0%b2%d0%be%d0%b8%d0%bc-%d0%b1%d0%b8%d1%82%d0%ba%d0%be%d0%b8%d0%bd%d0%be%d0%bc-%d0%b2%d0%be%d1%82-%d0%b5/,2026-09-14,https://virtuse.com/ru/stories/15056/,https://virtuse.com/ru/stories/15056/,True,200,True,True
ru,15054,https://blog.virtuse.com/ru/%d0%bf%d0%be%d1%87%d0%b5%d0%bc%d1%83-%d0%bf%d0%be%d0%bc%d0%bf-%d0%bc%d0%be%d1%83-%d0%b8-%d1%81%d1%8d%d0%b9%d0%bb%d0%be%d1%80-%d0%b4%d0%b0%d1%8e%d1%82-%d1%82%d0%b0%d0%ba%d0%b8%d0%b5-%d1%80%d0%b0%d0%b7/,2026-09-03,https://virtuse.com/ru/stories/15054/,https://virtuse.com/ru/stories/15054/,True,200,True,True
ru,15052,https://blog.virtuse.com/ru/39-%d1%82%d1%80%d0%b8%d0%bb%d0%bb%d0%b8%d0%be%d0%bd%d0%be%d0%b2-%d0%b8-%d0%bf%d1%80%d0%be%d0%b4%d0%be%d0%bb%d0%b6%d0%b0%d0%b5%d1%82-%d1%80%d0%b0%d1%81%d1%82%d0%b8-%d0%bf%d0%be%d1%87%d0%b5%d0%bc/,2026-09-14,https://virtuse.com/ru/stories/15052/,https://virtuse.com/ru/stories/15052/,True,200,True,True
ru,15048,https://blog.virtuse.com/ru/%d1%80%d0%b8%d0%bc-%d0%b2%d0%be%d0%ba%d0%b8%d0%b7%d0%bc-%d0%b8-%d0%bf%d0%be%d0%b4%d1%8a%d1%91%d0%bc-%d0%b1%d0%b8%d1%82%d0%ba%d0%be%d0%b8%d0%bd-%d1%81%d1%82%d0%b0%d0%bd%d0%b4%d0%b0%d1%80%d1%82%d0%b0/,2026-09-03,https://virtuse.com/ru/stories/15048/,https://virtuse.com/ru/stories/15048/,True,200,True,True
ru,15043,https://blog.virtuse.com/ru/%d0%b2%d0%be%d0%b9%d0%bd%d0%b0-%d0%b7%d0%b0-%d0%b1%d0%b8%d1%82%d0%ba%d0%be%d0%b8%d0%bd-jpmorgan-%d0%b8-jane-street-%d0%b0%d1%82%d0%b0%d0%ba%d1%83%d1%8e%d1%82-%d1%87%d0%b0%d1%81%d1%82%d0%bd%d1%8b/,2026-09-03,https://virtuse.com/ru/stories/15043/,https://virtuse.com/ru/stories/15043/,True,200,True,True
ru,15038,https://blog.virtuse.com/ru/%d0%b1%d0%b8%d1%82%d0%ba%d0%be%d0%b8%d0%bd-%d1%88%d0%be%d0%ba-blackrock-ibit-%d1%81%d1%82%d0%b0%d0%bb-%d0%b3%d0%bb%d0%b0%d0%b2%d0%bd%d1%8b%d0%bc-%d0%b8%d1%81%d1%82%d0%be%d1%87%d0%bd%d0%b8%d0%ba%d0%be/,2026-09-03,https://virtuse.com/ru/stories/15038/,https://virtuse.com/ru/stories/15038/,True,200,True,True
ru,15034,https://blog.virtuse.com/ru/%d0%b2%d1%8b-%d1%83%d0%b7%d0%bd%d0%b0%d0%b5%d1%82%d0%b5-%d0%bf%d0%be%d1%87%d0%b5%d0%bc%d1%83-%d0%b1%d0%b8%d1%82%d0%ba%d0%be%d0%b8%d0%bd-%d0%bf%d0%be%d1%82%d0%b5%d1%80%d1%8f%d0%bb-80-000-%d0%b8/,2026-09-03,https://virtuse.com/ru/stories/15034/,https://virtuse.com/ru/stories/15034/,True,200,True,True
ru,15066,https://blog.virtuse.com/ru/%d0%b1%d0%b8%d1%82%d0%ba%d0%be%d0%b8%d0%bd-%d1%81%d0%bd%d0%be%d0%b2%d0%b0-%d0%be%d0%bf%d1%83%d1%81%d0%ba%d0%b0%d0%b5%d1%82%d1%81%d1%8f-%d0%bd%d0%b8%d0%b6%d0%b5-80-000-%d0%b2-%d0%be%d0%b6%d0%b8%d0%b4/,2026-09-07,https://virtuse.com/ru/stories/15066/,https://virtuse.com/ru/stories/15066/,True,200,True,True
ru,15064,https://blog.virtuse.com/ru/%d0%b7%d0%be%d0%bb%d0%be%d1%82%d0%be-%d0%ba%d0%b0%d0%ba-%d0%bf%d0%be%d0%b6%d0%b0%d1%80%d0%bd%d0%b0%d1%8f-%d1%81%d0%b8%d0%b3%d0%bd%d0%b0%d0%bb%d0%b8%d0%b7%d0%b0%d1%86%d0%b8%d1%8f-%d0%b1%d0%b8%d1%82/,2026-09-07,https://virtuse.com/ru/stories/15064/,https://virtuse.com/ru/stories/15064/,True,200,True,True
